id,brand_name,title,year,publish_month,material,theme_series,print_size,inspiration_origin,created_at,updated_at
30000001,色未浓,往期欣赏――【色未浓】画韵春秋 南意秋棠独家印花汉服布料,2017,Jul-17,30D天丝雪纺,画韵春秋系列,循环印花料,【色未浓】花纹元素：红芙蓉花，白芙蓉花。露染芙蓉色未浓，正似美人初醉貌。芙蓉花期将至，国色又染仲夏，该是花影添上衣裳时节。此款底色为古画绢本色，淡淡花型照影其上，若画若诗，华丽亦能淡雅，为您的夏日添上一抹香。此款单层在自然光下颜色相对较浅，是很有韵味的旧绢色。花型较大，且材质薄透，穿着于身很是美好~,20/1/2025 17:47:17,20/6/2025 09:07:18
30000002,柿柿同堂,【柿柿同堂】预售征集DD画韵春秋 南意秋棠独家印花汉服布料,2017,Jul-17,30D天丝雪纺,画韵春秋系列,循环印花料,【柿柿同堂】花纹元素：柿子，海棠果，蜗牛。此款灵感来源于传统四世同堂吉祥纹样。而此处为“柿柿”（世世），于是添加了可爱的小蜗牛，既活跃画面增加动态元素，又代表两代人居住的小窝，是取柿柿同棠一窝（家）亲的吉祥寓意。为和图案中的小柿子呼应，底色也选用了浅浅的橘色，阳光下单层效果非常柔和轻盈，愿大家过一个温馨美好的夏天~,20/1/2025 17:47:17,20/6/2025 09:06:10
30000003,蜜丸,【蜜丸】预售征集DD画韵春秋系列 南意秋棠独家印花汉服布料,2017,Jul-17,30D天丝雪纺,画韵春秋系列,循环印花料,【蜜丸】花纹元素：枇杷，海棠果。此款灵感来源是枇杷和海棠两种可做甜蜜饯儿的植物果实，其味酸酸甜甜属夏季首选~背景来源于夏日树木的浓阴投影在旧山墙，一瞬间的美让人驻足，所以我们记录下了那斑驳墙面。绿色的树荫叠加墙面的斑驳落在布料之上成为了我们的底色。布料单层轻薄飘逸，非常适合夏季穿着。希望在炎热的夏季大家也能感受到一丝凉爽~,20/1/2025 17:47:17,20/6/2025 09:06:28
30000004,万有同春,一条龙【万有同春】DD画韵春秋系列 南意秋棠独家汉服布料,2017,Aug-17,乱麻雪纺,画韵春秋系列,循环印花料,【万有同春】花纹元素：各种花卉花枝（取自钱维城《万有同春图》）万有同春一年年，年年花共妍。以百花长卷为主题，传统审美，中正平和。每一个应该被记住的日子，都是明媚春日，都能万有同春，这是我们最真心的期望。我们想参与你最幸福的时候，你的婚礼，你的毕业典礼，你的每一个庄重的重要时刻。此款布料选色传统蓝色、娟色、红色为主打，按照文物传统样式设计了膝[底[，适合制作马面或褶裙，三米长卷不重复定位印花，适合春秋季节搭配各种上袄，衫子穿着。红色特别选取了百花长卷中虞美人色，底色与百花中红色花卉相映成趣。绢色更注重画卷主题的表现，似整幅长卷缓缓展开，配色日常柔和，适用更多场合与搭配。蓝色端正百搭，从八个蓝色打样中选取，既不沉闷亦不过分张扬。,20/1/2025 17:47:17,20/6/2025 09:08:05
30000005,问灵,【问灵】特价材料包DD店庆福利 执?念系列 南意秋棠独家印花,2017,Sep-17,30D天丝雪纺,执・念系列,循环印花料,【问灵】花纹元素：古琴曲谱【酒狂】，传统祥云装饰纹样，道教传统符咒纹样。莲坞紫竹横笛鸣，招魂驱邪江湖行。问灵亦有伏魔意，仙山洞府焦尾声。【问灵】选用古琴曲酒狂一篇的减字谱，上浅下浓分布在膝下裙摆处，做成裙后，淡蓝色曲谱随走动若隐若现，远观并不明朗，近看颇有细节感；,20/1/2025 17:47:17,11/6/2025 08:59:22
30000006,招魂,【问灵】【招魂】DD执念系列 南意秋棠独家汉服印花布料,2017,Sep-17,30D天丝雪纺,执・念系列,循环印花料,【招魂】花纹元素：传统祥云装饰纹样，道教传统符咒纹样。莲坞紫竹横笛鸣，招魂驱邪江湖行。问灵亦有伏魔意，仙山洞府焦尾声。花纹选用道教传统符咒与北帝伏魔符为主体花色，渐变而下，有别样观感，中国古典哥特风（大雾）。为增加变化感与cp感，加入了相同的云纹纹样装饰在侧。,20/1/2025 17:47:17,20/6/2025 09:11:52
30000007,云深,【问灵】【招魂】【云深】【坐忘】【远道】执念系列 南意秋棠布料,2017,Sep-17,乱麻雪纺,执・念系列,循环印花料,【云深】（白款/黑款）花纹元素：传统祥云装饰纹样。沈沈音信断，冉冉光阴改，仙山路隔空云海。选用传统祥云纹样设计，每个单独的云纹花纹都采用中间向四周渐变处理，黑款的每朵云纹花纹深浅不一，营造云海深深之感，仿佛身处若隐若现的仙山云雾之中。,20/1/2025 17:47:17,20/6/2025 09:11:11
30000008,坐忘,【问灵】【招魂】【云深】【坐忘】【远道】执念系列 南意秋棠布料,2017,Sep-17,30D天丝雪纺,执・念系列,循环印花料,【坐忘】花纹元素：夔龙纹玉璧，传统祥云装饰纹样。冥思坐忘，无垢无伤；纱袖三尺，藏心纳情。傲笑江湖，纵云而去；有无之间，一念枯荣。以浅灰色为底色，白色传统祥云为底纹，缀以夔龙纹玉璧为饰。此款布料在阳光下色彩出尘，缥缈梦幻 。大面积的浅色云纹，使人颇有置身仙境之感；而玉璧为饰，又暗合君子如玉之意。,20/1/2025 17:47:17,20/6/2025 09:10:11
30000009,远道,【问灵】【招魂】【云深】【坐忘】【远道】执念系列 南意秋棠布料,2017,Sep-17,30D天丝雪纺,执・念系列,循环印花料,【远道】花纹元素：蛛网，饕餮青铜面具。同心而离居，所思在远道。时间浩渺，物换星移，青铜上锈，蛛网百结。勿能一处，人鬼殊途。底纹取自饕餮纹青铜面具，上结红色蛛网，既有时间浩渺的沧桑之感，又营造一种妖异的氛围。,20/1/2025 17:47:17,20/6/2025 09:09:21
30000010,朱砂茶梅,往期欣赏――特别款【金星雪浪】【朱砂茶梅】南意秋棠印花布料,2017,Oct-17,30D天丝雪纺/银丝乱麻,特别款,循环印花料,"花纹元素：工笔红山茶，缠枝牡丹团花纹样。

掌中调丹砂，染此鹤顶红。

主花为山茶杜鹃红种，颜色艳丽诱人，简单花型却艳动隆冬，满城霜雪时一丛山茶花如白雾种一抹丹砂，占尽了寒冬姿色。郭沫若说“人人都道牡丹好，我说牡丹不及茶”，故以白描牡丹团花做底，更衬山茶艳色，似朱砂似美人。",20/1/2025 17:47:17,16/6/2025 13:38:35
30000011,金星雪浪,往期欣赏――特别款【金星雪浪】【朱砂茶梅】南意秋棠印花布料,2017,Oct-17,30D天丝雪纺/银丝乱麻,特别款,循环印花料,"花纹元素：工笔白牡丹，牡丹白描线稿。

一年春色摧残尽，更觅姚黄魏紫看。

牡丹艳色难掩，案前花品第一者。有金星雪浪一种，花白色带淡淡黄，乃中品，名号却占了仙风道骨、高冷清冽之感。配白描牡丹花枝底纹，鹅黄、葡紫衬底，新春佳节穿着实佳。",20/1/2025 17:47:17,16/6/2025 13:38:37
30000012,临窗四梦,往期欣赏――【临窗四梦】画韵春秋系列 南意秋棠汉服印花布料,2018,Feb-18,长丝斜纹,画韵春秋系列,循环印花料,"【叹春晴】
花纹元素：海棠花树，蜜蜂。

四海应无蜀海棠，一时开处一城香。
晴来使府低临槛，雨后人家散出墙。

【春风裁】
花纹元素：垂柳，涟漪。

碧玉妆成一树高，万条垂下绿丝绦。
不知细叶谁裁出，二月春风似剪刀。

【阳春蔓】
花纹元素：紫藤花蔓。

紫藤挂云木，花蔓宜阳春。
密叶隐歌鸟，香风留美人。

【春色晚】
花纹元素：墨竹，石碑。

新年都未有芳华，二月初惊见草芽。
白雪却嫌春色晚，故穿庭树作飞花。",20/1/2025 17:47:17,11/6/2025 03:51:37
30000013,晓梦,往期欣赏――【晓梦】长物志系列 南意秋棠独家汉服印花布料,2018,Feb-18,30D天丝雪纺,长物志系列,循环印花料,"花纹元素：粉彩团蝶纹。

昔者庄周梦为胡蝶，栩栩然胡蝶也，自喻适志与，不知周也。俄然觉，则蘧蘧然周也。不知周之梦为胡蝶与，胡蝶之梦为周与？",20/1/2025 17:47:17,20/6/2025 09:49:36
30000014,红豆曲,往期欣赏――【红豆曲】【绿豆词】长物志系列 南意秋棠印花布料,2018,Feb-18,30D天丝雪纺,长物志系列,循环印花料,"花纹元素：园林窗格。
陈迦陵词有“旧时庭院隔天涯,记得沿街一树粉梨花,记得花荫微露几扇绿窗纱。”之句，隔窗看景，如隔花而赏美人，别添一番趣味，以《园冶》装折篇之趣味，取松石绿、朱红两种中国传统色，做叠穿面料外层，为内层花卉风景添一分含蓄景深，欲遮还露的风韵。",20/1/2025 17:47:17,16/6/2025 14:07:56
30000015,绿豆词,往期欣赏――【红豆曲】【绿豆词】长物志系列 南意秋棠印花布料,2018,Feb-18,30D天丝雪纺,长物志系列,循环印花料,"花纹元素：园林窗格。
陈迦陵词有“旧时庭院隔天涯,记得沿街一树粉梨花,记得花荫微露几扇绿窗纱。”之句，隔窗看景，如隔花而赏美人，别添一番趣味，以《园冶》装折篇之趣味，取松石绿、朱红两种中国传统色，做叠穿面料外层，为内层花卉风景添一分含蓄景深，欲遮还露的风韵。",20/1/2025 17:47:17,16/6/2025 14:09:03
30000016,叹春晴,往期欣赏――【叹春晴】 画韵春秋系列 南意秋棠独家汉服印花布料,2018,Feb-18,银线雪纺,画韵春秋系列,循环印花料,"花纹元素：海棠花树，蜜蜂。
四海应无蜀海棠，一时开处一城香。晴来使府低临槛，雨后人家散出墙。",20/1/2025 17:47:17,20/6/2025 09:47:45
30000017,春色晚,往期欣赏――【春色晚】画韵春秋系列 南意秋棠独家汉服印花布料,2018,Feb-18,银线雪纺,画韵春秋系列,循环印花料,"花纹元素：墨竹，石碑。
新年都未有芳华，二月初惊见草芽。白雪却嫌春色晚，故穿庭树作飞花。",20/1/2025 17:47:17,20/6/2025 09:47:47
30000018,春风裁,往期欣赏――【春风裁】画韵春秋系列 南意秋棠独家汉服印花布料,2018,Feb-18,银线雪纺,画韵春秋系列,循环印花料,"花纹元素：垂柳，涟漪。
碧玉妆成一树高，万条垂下绿丝绦。不知细叶谁裁出，二月春风似剪刀。",20/1/2025 17:47:17,20/6/2025 09:47:48
30000019,阳春蔓,往期欣赏――【阳春蔓】画韵春秋系列 南意秋棠独家汉服印花布料,2018,Feb-18,银丝雪纺,画韵春秋系列,循环印花料,"花纹元素：紫藤花蔓。
紫藤挂云木，花蔓宜阳春。密叶隐歌鸟，香风留美人。",20/1/2025 17:47:17,18/6/2025 09:06:49
30000020,碧桃,【碧桃】【葡萄草虫】【夜合花】――临墨照影系列 南意秋棠布料,2018,Apr-18,银丝乱麻,临墨照影系列,循环印花料,"“临墨照影”为本店首次上新的系列，本系列布料取材自中国古代工笔白描线稿。“以淡墨钩勒轮廓或人物，而不设色者，谓之白描。”虽不设彩绘，然所绘之物风骨尽显，墨色衬之，深浅不一，照影于布，别有一番意趣。
本次上新的三款布料分别取自宋画小品中的《碧桃图》《葡萄草虫图》和《夜合花图》。",20/1/2025 17:47:17,17/6/2025 04:02:50
30000021,葡萄草虫,【碧桃】【葡萄草虫】【夜合花】――临墨照影系列 南意秋棠布料,2018,Apr-18,银丝乱麻,临墨照影系列,循环印花料,"“临墨照影”为本店首次上新的系列，本系列布料取材自中国古代工笔白描线稿。“以淡墨钩勒轮廓或人物，而不设色者，谓之白描。”虽不设彩绘，然所绘之物风骨尽显，墨色衬之，深浅不一，照影于布，别有一番意趣。
本次上新的三款布料分别取自宋画小品中的《碧桃图》《葡萄草虫图》和《夜合花图》。",20/1/2025 17:47:17,20/1/2025 17:47:17
30000022,夜合花,【碧桃】【葡萄草虫】【夜合花】――临墨照影系列 南意秋棠布料,2018,Apr-18,银丝乱麻,临墨照影系列,循环印花料,"“临墨照影”为本店首次上新的系列，本系列布料取材自中国古代工笔白描线稿。“以淡墨钩勒轮廓或人物，而不设色者，谓之白描。”虽不设彩绘，然所绘之物风骨尽显，墨色衬之，深浅不一，照影于布，别有一番意趣。
本次上新的三款布料分别取自宋画小品中的《碧桃图》《葡萄草虫图》和《夜合花图》。",20/1/2025 17:47:17,17/6/2025 04:02:44
30000023,袅晴丝,往期欣赏――【袅晴丝】画韵春秋系列 南意秋棠独家印花汉服布料,2018,May-18,钻石雪纺,画韵春秋系列,循环印花料,"【袅晴丝】（青瓷色/荷花色）
花纹元素：写生花蝶长卷，《牡丹亭・游园》工尺谱。
惊觉相思不露，原来只因已入骨。袅袅晴丝，袅袅情丝。邀卿卿入得园林来，方知春色如许。本款裙料设计灵感源自牡丹亭游园一折，选取宋人文m的写生花蝶图卷，衬牡丹亭・游园一折工尺谱底纹，典雅与活泼并存，引君共赏园景。",20/1/2025 17:47:17,17/6/2025 04:17:07
30000024,试罗香,【试罗香】DD长物志系列 南意秋棠独家印花汉服布料,2018,Jul-18,钻石雪纺,长物志系列,循环印花料,"【试罗香】（藤黄间色）
花纹元素：传统缠枝蝴蝶纹样
六曲阑干偎碧树，杨柳风轻，展尽黄金缕。
缠枝纹是中国古代艺术品的重要装饰纹样。纹样特征或绵延曲卷，细腻柔蔓；或婀娜多姿，妩媚娇娆。与蝴蝶纹样搭配在一起，更加生动优美，富有动感。主色调选用藤黄色深浅相间的条纹，一眼望去非常明艳动人。",20/1/2025 17:47:17,20/6/2025 09:50:37
30000025,叠萝花,往期欣赏――【叠萝花】长物志系列 南意秋棠独家印花汉服布料,2018,Jul-18,30D天丝雪纺,长物志系列,循环印花料,"花纹元素：八宝宫灯纹样
槛外奇葩江外种，娇春未减革呈红。
画楼晴日敛云峰。佛香来海岸，蜀锦荐灯笼。?
本款布料专为制作披帛设计，选用八宝宫灯纹样，仿佛藤萝花从身上缠绕垂下，纤巧秀丽，缠绵无尽。",20/1/2025 17:47:17,17/6/2025 05:13:13
30000026,如意娘,往期欣赏――【如意娘】长物志系列 南意秋棠独家印花汉服布料,2018,Jul-18,钻石雪纺,长物志系列,循环印花料,"花纹元素：传统缠枝灵芝纹样
看朱成碧思纷纷，憔悴支离为忆君。
不信比来长下泪，开箱验取石榴裙。
“灵芝”是中国古代吉祥的象征，后演变为“如意”；“缠枝”寓意生生不息，万代绵长的美好愿望，也是中国传统吉祥纹样之一。本款布料选材传统缠枝灵芝纹样，取四合如意福寿绵绵的吉祥寓意。主色调选用黑红/白红间色，唐风感非常浓郁。",20/1/2025 17:47:17,20/6/2025 09:50:08
30000027,拾翠羽,往期欣赏――【拾翠羽】长物志系列 南意秋棠独家印花汉服布料,2018,Jul-18,30D天丝雪纺,长物志系列,循环印花料,"【拾翠羽】（翠蓝/树绿）
花纹元素：凤凰团花纹、花草纹（均出自唐代绣袋纹样）
金井栏边见羽仪，梧桐树上宿寒枝。
五陵公子怜文彩，画与佳人刺绣衣。
一眼就相中的团凤纹样，与花草纹样搭配在一起，非常生动惹人喜爱。",20/1/2025 17:47:17,17/6/2025 05:13:10
30000028,木桃,往期欣赏――【木桃】画韵春秋系列 南意秋棠独家印花汉服布料,2018,Aug-18,30D天丝雪纺,画韵春秋系列,循环印花料,"【木桃】
花纹元素：工笔瓜果（选自于非先生作品）
投我以木桃，报之以琼瑶。
匪报也，永以为好也！
水蓝底色搭配水灵灵的大桃子，炎热的暑气都消散了有木有！桃子乃吉兆，脱单专用了解一下？",20/1/2025 17:47:17,17/6/2025 05:16:16
30000029,蝶恋花,往期欣赏――【蝶恋花】长物志系列 南意秋棠独家印花汉服布料,2018,Aug-18,30D天丝雪纺,长物志系列,循环印花料,"【蝶恋花】（暗梅红/紫藤灰）
花纹元素：牡丹蝴蝶纹样
重来直待牡丹时，只恐花知、知后故开迟。 
催花无计问东风，梦作一双蝴蝶、绕芳丛。
仲夏一梦，化作蝶儿，寻心中仙山觅山中仙姝，遥遥亦可得矣。
本款纹样选择了两种偏暖色系底色进行衬托，但又适当加入灰度，适合更多肤色的姑娘穿着。",20/1/2025 17:47:17,17/6/2025 05:16:31
30000030,采莲令,往期欣赏――【采莲令】长物志系列 南意秋棠独家印花汉服布料,2018,Aug-18,30D天丝雪纺,长物志系列,循环印花料,"【采莲令】（蟹壳青/春蓝）
花纹元素：莲花杂宝缠枝纹样
江南可采莲 ，莲叶何田田。
暑气正盛，正值采莲季节，欲往茂密荷塘寻一方清凉去处。
可爱又清爽的莲花纹样，选择了两种冷色系底色进行衬托，为您带来一缕清凉气息。",20/1/2025 17:47:17,17/6/2025 05:16:59
30000031,丹若,往期欣赏――【丹若】画韵春秋系列 南意秋棠独家印花汉服布料,2018,Oct-18,竹节仿麻,画韵春秋系列,循环印花料,"【丹若】（肉粉/玉绿）
花纹元素：折枝石榴花
庭下石榴花乱吐，满地绿阴亭午。
午睡觉来时自语，悠扬魂梦，黯然情绪，蝴蝶过墙去。
夏消秋来，石榴花谢成果，看朱成碧思纷纷，秋思缕缕烟濒留粒石榴裙又为谁裁来。",20/1/2025 17:47:17,17/6/2025 05:42:23
30000032,萧萧,往期欣赏――【萧萧】画韵春秋系列 南意秋棠独家印花汉服布料,2018,Oct-18,竹节仿麻,画韵春秋系列,循环印花料,"【萧萧】
花纹元素：王羲之《远宦帖》，墨竹长卷（唐寅），窗棂纹样 书法，墨竹，窗棂纹样
谁种萧萧数百竿，伴吟偏称作闲官。
不随夭艳争春色，独守孤贞待岁寒。
声拂琴床生雅趣，影侵棋局助清欢。
明年纵便量移去，犹得今冬雪里看。
唐寅竹之风骨配以王羲之远宦帖，下衬浅绢底色，儒雅书画跃然纸上。制裙穿着于身，墨竹随行走摇曳，有竹影憧憧之感，搭配羲之书法颇显风雅。窗棂纹样与书法、墨竹交相呼应，可用于制作裙头或系带，增加整体丰富性。",20/1/2025 17:47:17,17/6/2025 05:41:22
30000033,看山观涛,【看山观涛】――山河主题 执念系列 南意秋棠独家印花汉服布料,2019,Feb-19,30D天丝雪纺,执・念系列,循环印花料,"【看山观涛】（青绿/墨色）裙头
花纹元素：南宋米有仁山水画《潇湘奇观图》",20/1/2025 17:47:17,17/6/2025 05:40:46
30000034,澜生,往期欣赏――【云起】【澜生】山河主题 执念系列 南意秋棠布料,2019,Feb-19,金线雪纺,执・念系列,循环印花料,"【澜生】
花纹元素：米芾《蜀素帖》（节选），古砚雕饰海潮纹样。
书法部分选用“中华十大传世名帖”之一米芾所书《蜀素帖》，该作品自起笔到落笔“奇山异水，天下独绝”。“急湍甚箭，猛浪若奔”，笔下有海潮之势，与海潮底纹相应成趣。且笔墨纸砚乃文房四宝，缺一不可成名帖矣。海潮纹为端砚雕饰纹样，拓印化用。端砚素来纹理绮丽，各具名目，加工技艺纷繁，此处选做底纹与《蜀素帖》之结构奇险率意，变幻灵动相得益彰，盖有书砚成趣之意。底布选用金线雪纺，阳光下闪闪金光，仿若水面波光粼粼。",20/1/2025 17:47:17,17/6/2025 05:38:58
30000035,云起,往期欣赏――【云起】【澜生】山河主题 执念系列 南意秋棠布料,2019,Feb-19,金线雪纺,执・念系列,循环印花料,"【云起】
花纹元素：五岳真形图，古砚雕饰流云纹样。
《抱朴子》云：“道书之重者，莫过於三皇文，五岳真形图也。……凡修道之士栖隐山谷，须得五岳真形图佩之。其山中鬼魅精灵、虫虎妖怪，一切毒物，莫能近矣。”
本款布料的团花由五岳真形图为原型进行重组设计，随流云纹的分布而半明半暗，好似巍巍高山耸立入云，站于山脚仰视而观，峰顶若隐若现，山海相连，自有一番气势。流云纹为端砚雕饰纹样，拓印化用，砚台乃取山石，雕流水，水磨石穿的器物，刚柔相济互为表里，作为底纹凸显五岳真形之意象。底布选用金线雪纺，点点金光明灭，仿若阳光穿透云层遍洒山岳。",20/1/2025 17:47:17,17/6/2025 05:39:03
30000036,霭霭,往期欣赏――【霭霭】执念系列 南意秋棠独家印花汉服布料,2019,Feb-19,竹节仿麻,执・念系列,循环印花料,"【霭霭】（白绿/黑白）
花纹元素：传统祥云装饰纹样。
停云霭霭，时雨鳌０吮硗昏，平陆成江。
有酒有酒，闲饮东窗。愿言怀人，舟车靡从。
本款布料选用传统祥云纹样，用烟雾效果进行烘托。似雾中云海，明明灭灭，魅幌赣曛校思念亦随云雾起，相隔千里，何以传书。",20/1/2025 17:47:17,17/6/2025 05:40:35
30000037,梅花笺,往期欣赏――【梅花笺】长物志系列 南意秋棠独家印花汉服布料,2019,May-19,银丝乱麻,长物志系列,循环印花料,"【梅花笺】（龙井/抹茶）（龙井/月白/暗翡翠/深雀蓝）
花纹元素：清・乾隆绿色描金松竹梅纹粉蜡笺
粉蜡笺源自于魏晋，成型于盛唐。以五色纸为原料，施以粉彩、蜡砑光。若在粉蜡笺上描金勾银，则成“描金勾蜡笺”。 乾隆喜欢用大量绘制冰梅纹以为装饰，故又有“梅花玉版笺”。本款布料即选用乾隆描金松竹梅粉蜡笺扩展设计印制。底布选用了银丝乱麻，织有均匀细银丝，光下布面有闪闪光泽，非常能体现“描金”的特征。",20/1/2025 17:47:17,17/6/2025 06:00:29
30000038,芳菲信,往期欣赏――【芳菲信】画韵春秋系列 南意秋棠独家印花汉服布料,2019,May-19,银丝乱麻,画韵春秋系列,循环印花料,"【芳菲信】
花纹元素：清代画家邹一桂《百花图》
须信漏泄风光，百花头上，报一枝消息。多少园林应次第，迤逦排红骈白。
金鼎芳滋，玉堂璀璨，趁取佳时节。东君归後，绿阴依旧南陌。
十数种花卉错落有致地分布在整条裙摆之上，仿佛把整个春天留在了身边。布料底布选用了银丝乱麻，织有均匀细银丝，光下布面有闪闪光泽，与百花甚是相称，走动时摇曳生姿。与本期另一款布料【妙常】搭配非常和谐。",20/1/2025 17:47:17,17/6/2025 06:01:55
30000039,妙常,往期欣赏――【妙常】画韵春秋系列 南意秋棠独家印花汉服布料,2019,May-19,竹节仿麻,画韵春秋系列,循环印花料,"【妙常】（原版）
花纹元素：工笔小花枝，仿文物水田衣设计元素
粉墙花影自重重，帘卷残荷水殿风，抱琴弹向月明中。
香袅金猊动，人在蓬莱第几宫。
本款布料参考水田衣文物设计排版，原版选用简洁的淡紫+白相间底色，有种静静的清冷之气，在菱格的空隙中排布四种工笔小花枝，整体表现出灵动活泼之感",20/1/2025 17:47:17,20/1/2025 17:47:17
30000040,莲衣,往期欣赏――【莲衣】画韵春秋系列 南意秋棠独家汉服印花布料,2019,Jun-19,银线雪纺,画韵春秋系列,循环印花料,"【莲衣】
花纹元素：恽寿平《山水花卉神品册》临白阳山人荷花图
莲衣宜著雨，竹锡好随云。
夏雨淅淅沥沥，泛舟十里荷塘，弄莲水湿衣，芙蓉向脸，荷叶裙裁，清凉如此，何来酷暑。底色选用非常有古韵的古画绢色，布料选用银线雪纺印制，阳光下点点银光仿若阳光照射荷瓣上的点点露珠晶莹剔透。",20/1/2025 17:47:17,17/6/2025 06:11:46
30000041,宋人牡丹,【宋人牡丹】DD画韵春秋系列 南意秋棠独家设计汉服印花布料,2019,Jun-19,30D天丝雪纺,画韵春秋系列,循环印花料,"【宋人牡丹】（牡丹粉/牡丹红）
花纹元素：南宋 牡丹图
天下无双品，人间第一花。
宋人牡丹不同于唐人风格，画风柔美i丽，层次质感处理绝佳，细节丰富，极写牡丹轻盈柔美之态。因而布底布选用轻薄材质印制，透明度高，增加了朦胧的感觉，且使得图案更加灵动，非常能体现牡丹的质感。",20/1/2025 17:47:17,17/6/2025 06:16:54
30000042,阿峤,往期欣赏――【阿峤】 执・念系列 南意秋棠独家印花布料,2019,Jun-19,银线雪纺,执・念系列,循环印花料,"【阿峤】
花纹元素：五岳真形图，古砚雕饰流云纹样。
《淮南子・泰族训》：“《诗》云：怀柔百神，及河峤岳。”
本款布料的团花由五岳真形图为原型进行重组设计，随流云纹的分布而半明半暗，好似山峰耸立入云，站于山脚仰视而观，峰顶若隐若现，山海相连，自有一番气势。流云纹为端砚雕饰纹样，拓印化用，砚台乃取山石，雕流水，水磨石穿的器物，刚柔相济互为表里，作为底纹凸显五岳真形之意象。",20/1/2025 17:47:17,10/6/2025 20:33:17
30000043,藤萝儿,往期欣赏――【白果儿】【红叶儿】【藤萝儿】南意秋棠印花布料,2019,Sep-19,树皮皱欧根纱,画韵春秋系列,单边定位裙料,"【藤萝儿】
花纹元素：紫藤花蔓
素材：清?许佑《藤花乳鸡图》
紫藤拂花树，黄鸟度青枝。?
阳春花慢慢，帘外月迟迟。
紫藤有紫气东来、紫光祥兆等吉祥寓意。紫藤花穗垂挂枝头，紫中带蓝，灿若云霞。灰褐色的枝蔓如龙蛇般蜿蜒，姿态优雅风采迷人。作为下裙面料，恰似置身紫藤花丛之中。举步移身之间，如春风拂过花树，花穗摇荡，极具动态之美。",20/1/2025 17:47:17,20/6/2025 09:51:56
30000044,白果儿,往期欣赏――【白果儿】画韵春秋系列 南意秋棠独家设计印花布料,2019,Sep-19,树皮皱欧根纱,画韵春秋系列,单边定位裙料,"【白果儿】
花纹元素：银杏叶，白果
鸭脚半熟色犹青，纱囊驰寄江陵城。
城中朱门韩林宅，清风明月吹帘笙。
玉纤雪腕白相照，烂银破壳玻璃明。
古人常以鸭脚入诗，以类银杏叶。秋风渐起，半熟鸭脚翠意犹存，累累白果随风摇曳。翩翩落叶翻飞似蝶，以银杏叶之秋香绿为底，画秋叶秋果，实则写秋意秋风，观之腋下生风，凉意如水。",17/6/2025 12:40:27,20/6/2025 09:52:02
30000045,红叶儿,往期欣赏――【红叶儿】画韵春秋系列 南意秋棠独家设计印花布料,2019,Sep-19,树皮皱欧根纱,画韵春秋系列,单边定位裙料,"【红叶儿】
花纹元素：红叶，柿子
晓连星影出，晚带日光悬。
本因遗采掇，翻自保天年。 ?
柿子是一种传统吉祥的图饰，“柿”谐音“事”，常出现在“四世同堂”、“事事安顺”、“事事如意”等吉祥图案中。柿子金黄饱满，令人垂涎欲滴，仿佛能闻到秋果儿的甜香。以金柿之色为底，布料自带缎面光泽，仿若阳光洒满林间，饱满的果实衬于翻飞红叶之间，正是秋色灿烂之所在。",17/6/2025 12:40:27,20/6/2025 09:52:04
30000046,清渠儿,往期欣赏――【清渠儿】画韵春秋系列 南意秋棠独家设计印花布料,2019,Sep-19,树皮皱欧根纱,画韵春秋系列,循环印花料,"【清渠儿】
花纹元素：池水，水藻，小鱼，落花
素材：恽寿平《山水花卉神品册》临刘莱《琳池鱼藻》
半奁香雨簇春漪。没个渔舟系。径尺横拖鸭茵翠。
鲤花肥。
乙肠可有相思字。猜量不定，几番步涩，浑欲撒沉丝。??
秋意渐寒，秋水泠泠，群鱼戏藻。鱼儿清灵自由，藻类植物飘摇婉转，虽无一笔画水，却以鱼的灵动和水藻的轻盈将秋水特有的动势表现得恰到好处。底布自带柔和光泽，恰似一江秋水，粼粼波光，搭配各类花草题材上装，恰似临花照水，相得益彰。",17/6/2025 12:40:27,20/6/2025 09:51:03
30000047,瑞鹤仙,往期欣赏――【瑞鹤仙】长物志系列 南意秋棠独家设计汉服布料,2019,Oct-19,秋香麻,长物志系列,循环印花料,"【瑞鹤仙】（妃色渐变/雀蓝渐变）
花纹元素：瑞鹤吉祥纹样折枝花
素材：波士顿美术馆藏清代汉女服饰
清代织物仙鹤图案，搭配折枝花卉。寓意吉祥，纤巧秀丽而不落俗套。布料底色的主色选用妃色、雀蓝两种传统色，为寒冷的秋冬季增添一抹艳丽色彩。",20/1/2025 17:47:17,17/6/2025 06:35:04
30000048,鹊踏枝,往期欣赏――【鹊踏枝】 长物志系列 南意秋棠独家设计印花布料,2019,Oct-19,银丝乱麻,长物志系列,单边定位裙料,"【鹊踏枝】（黑/灰）
花纹元素：漆笺花鸟纹饰
烦恼韶光能几许，肠断魂消，看却春还去。只喜墙头灵鹊语，不知青鸟全相误。
心若垂杨千万缕，水阔花飞，梦断巫山路。开眼新愁无问处，珠帘锦帐相思否？
漆笺是将漆平涂于绢上，再施以彩绘画。古代漆绘依附于瑟、奁、盘、屏风等器物上，以刻漆、堆漆、彩绘等技法制成。与漆绘于器物上的彩绘不同，亦有别于传统的绘画。此处选用五开，其技法多变，或以针刻出花瓣，或用墨笔勾勒叶脉，花瓣翻转、叶片向背及鸟羽层次均见晕染效果，匠心独运，生意盎然。",20/1/2025 17:47:17,20/6/2025 09:54:06
30000049,阿峤白底版,往期欣赏――【阿峤】白底版 执念系列 南意秋棠独家印花布料,2020,Feb-20,仿真丝化纤纱,执・念系列,循环印花料,"【阿峤】（白底）
花纹元素：五岳真形图，古砚雕饰流云纹样。
《淮南子・泰族训》：“《诗》云：怀柔百神，及河峤岳。”
本款布料的团花由五岳真形图为原型进行重组设计，随流云纹的分布而半明半暗，好似山峰耸立入云，站于山脚仰视而观，峰顶若隐若现，山海相连，自有一番气势。流云纹为端砚雕饰纹样，拓印化用，砚台乃取山石，雕流水，水磨石穿的器物，刚柔相济互为表里，作为底纹凸显五岳真形之意象。本次选用纯白底色搭配蓝色云雾，比之云水蓝底色更多几分飘逸仙气。",20/1/2025 17:47:17,20/6/2025 09:57:05
30000050,桃之夭夭,往期欣赏――【桃之夭夭】画韵春秋 南意秋棠独家印花汉服布料,2020,Feb-20,仿真丝化纤纱,画韵春秋系列,循环印花料,"【桃之夭夭】
花纹元素：碧桃花枝，彩霞
素材：恽寿平花卉册页
两姓联姻，一堂缔约，良缘永结，匹配同称。
看此日桃花灼灼，宜室宜家，卜他年瓜瓞绵绵，尔昌尔炽。
谨以白头之约，书向鸿笺，好将红叶之盟，载明鸳谱。
一纸婚书，两姓之好，有感而设计了两款寓意幸福的布料，新春之际，特此奉上。",20/1/2025 17:47:17,20/6/2025 09:56:18
30000051,瓜瓞绵绵,往期欣赏――【瓜瓞绵绵】画韵春秋 南意秋棠独家印花汉服布料,2020,Feb-20,仿真丝化纤纱,画韵春秋系列,单边定位裙料,"【瓜瓞绵绵】
花纹元素：瓜蔓，兔，蜻蜓
素材：于非瓜趣图
两姓联姻，一堂缔约，良缘永结，匹配同称。
看此日桃花灼灼，宜室宜家，卜他年瓜瓞绵绵，尔昌尔炽。
谨以白头之约，书向鸿笺，好将红叶之盟，载明鸳谱。
一纸婚书，两姓之好，有感而设计了两款寓意幸福的布料，新春之际，特此奉上。",20/1/2025 17:47:17,20/6/2025 09:56:05
30000052,寻香,往期欣赏――【寻香】画韵春秋系列 南意秋棠独家设计印花汉服布料,2020,Feb-20,仿真丝化纤纱,画韵春秋系列,单边定位裙料,"【寻香】
花纹元素：兰草，蝴蝶，山石
素材：清代余W花鸟图册，清代马荃《花卉蝴蝶图》
手培兰蕙两三栽，日暖风微次第开。
坐久不知香在室，推窗时有蝶飞来。
细观余W所绘这丛兰草，叶脉及花瓣纹路都清晰可见，笔法工整细腻，造型栩栩如生；而女画家马荃所绘蝴蝶体态灵动，婀娜多姿，仔细观之颇有意趣。以湖水之蓝色作底，其上这二者动静结合，搭配纱质底布更显轻盈，仿佛行走与湖水岸边，兰草微摇、蝴蝶翩飞，自有一番风韵。",20/1/2025 17:47:17,20/6/2025 09:55:45
30000053,辛夷,往期欣赏――【辛夷】画韵春秋 南意秋棠独家印花汉服布料,2020,Feb-20,仿真丝化纤纱/银丝乱麻,画韵春秋系列,循环印花料,"【辛夷】（葡灰/蓼蓝）银丝乱麻版
花纹元素：辛夷花枝
素材：明代沈周墨菜辛夷图卷
心吐毫，枝折管。细萼芳苞春日暖。
疑醮水，欲书空，写出韶光留著款。
藉斜晖，凝晓露，俨似荷风浮紫碗。
怜倚槛，笑含风，缘堤色与芙蓉乱。
初见这枝辛夷花，就被她吸引了，优雅且温柔，轻盈且灵动，恍若春风拂面，正合了春天、春风、春色之意象。",20/1/2025 17:47:17,20/6/2025 09:54:55
30000054,妙常满花版,往期欣赏――满花版【妙常】画韵春秋 南意秋棠独家印花汉服布料,2020,Mar-20,竹节仿麻,画韵春秋系列,循环印花料,"【妙常】（原版/满花版）
花纹元素：工笔小花枝，仿文物水田衣设计元素
粉墙花影自重重，帘卷残荷水殿风，抱琴弹向月明中。
香袅金猊动，人在蓬莱第几宫。
本款布料参考水田衣文物设计排版，原版选用简洁的淡紫+白相间底色，有种静静的清冷之气，在菱格的空隙中排布四种工笔小花枝，整体表现出灵动活泼之感；本次新增的满花版选用较为浓烈的深蓝+白相间底色，而在菱格中布满八种工笔小花枝，整体有华丽大气之感。两种风格总有适合您的一款~",20/1/2025 17:47:17,20/6/2025 09:58:03
30000055,百花笺,往期欣赏――【百花笺】长物志系列 南意秋棠独家印花汉服布料,2020,Mar-20,银丝乱麻,长物志系列,循环印花料,"【百花笺】
花纹元素：清・乾隆粉紫色折枝花纹粉蜡笺
春林花多媚，春鸟意多哀。
春风复多情，吹我罗裳开。
粉蜡笺源自于魏晋，成型于盛唐。以五色纸为原料，施以粉彩、蜡砑光。若在粉蜡笺上描金勾银，则成“描金勾蜡笺”。本款布料即选用乾隆描金粉蜡笺扩展设计印制。底布选用了银丝乱麻，织有均匀细银丝，光下布面有闪闪光泽，非常能体现“描金”的特征。",20/1/2025 17:47:17,20/6/2025 09:57:26
30000056,杳杳,往期欣赏――【皎皎】【杳杳】画韵春秋 南意秋棠印花汉服布料,2020,Apr-20,竹节仿麻,画韵春秋系列,单边定位裙料,"【杳杳】
花纹元素：墨梅，工笔梅花，书法，窗棂纹样
素材：元 邹复雷《春消息图卷》，宋 马麟《梅花图卷》，宋 米芾《梁简文帝梅花赋》，清 罗聘《梅竹双清图》
早梅发高树，回映楚天碧。
朔吹飘夜香，繁霜滋晓白。
欲为万里赠，杳杳山水隔。
寒英坐销落，何用慰远客？
邹复雷墨梅运用疏密、繁简、直曲等对比手法布局，笔势奔放一气呵成，墨色浓淡参差，境界幽雅淡逸，设计中作为远景元素，并添加粼粼波影，取“疏影横斜水清浅，暗香浮动月黄昏。”之意境；近景选马麟梅花图卷，格调清雅，枝影萧疏，三色梅花交错层叠；米芾的梅花赋笔法纵逸豪放、萧洒出尘，虽无梅型，笔法转折之处，却得梅花精神。",20/1/2025 17:47:17,20/6/2025 09:58:49
30000057,皎皎,往期欣赏――【皎皎】画韵春秋系列 南意秋棠独家设计印花布料,2020,Apr-20,竹节仿麻,画韵春秋系列,单边定位裙料,"【皎皎】
花纹元素：玉兰花枝，窗棂纹样
自爱临风皎皎,笑溱洧、芍药纷遗。
藐姑射，肌肤凝雪，烟雨画楼西。
开齐，还也未，绵苞乍褪，鹤翅初披。
称水晶帘映，云母屏依。
文徵明玉兰图卷工写结合，设色雅丽，花枝蜿蜒翻覆，清俊疏朗。王铎有“神笔王铎”之称，擅长行草，笔法大气，劲健洒脱，淋漓痛快。书法居中，如轻纱障屏，花枝环绕，忽近忽远，偶见落英，似觉清香，如坐春风。",20/1/2025 17:47:17,20/6/2025 09:58:27
30000058,照影,往期欣赏――【照影】画韵春秋系列南意秋棠独家设计印花汉服布料,2020,May-20,钻石雪纺,画韵春秋系列,循环印花料,"【照影】
花纹元素：水藻，水鸟，水货（不是）
素材：清代女画家钱与龄《秋风墨藻图》
城上斜阳画角哀，沈园非复旧池台，
伤心桥下春波绿，曾是惊鸿照影来。
梦断香消四十年，沈园柳老不吹绵。
此身行作稽山土，犹吊遗踪一泫然。
此卷画碧藻残荷、紫茵红蓼间，游鱼虾蟹、泥螺伏蛙、蜻蜓翠鸟、白鹭飞虫，或游或憩或观或窥，共同成就一幅盎然生机的秋色风光。从画法看，绝少职业画家之固定套路，写生与追求意趣之倾向尤其明显。裙料底色选用白和绢粉的渐变色，呈现出池塘周围水气氤氲的氛围。一条白纱裙，承包你的夏日鱼塘！",20/1/2025 17:47:17,20/6/2025 09:59:28
30000059,数珠儿,往期欣赏【数珠儿】画韵春秋系列 南意秋棠独家印花布料,2020,May-20,银线雪纺,画韵春秋系列,循环印花料,"【数珠儿】（茄紫/玉绿）
花纹元素：松鼠，葡萄藤蔓
初似琉璃，终成码瑙。
攒攒簇簇圆圆小。
数珠相似恐人偷，马风吃了归蓬岛。
松鼠葡萄，是传统经典的吉祥纹饰。葡萄枝叶蔓延，果实累累，寓意子孙绵长、家庭兴旺，是人们心中的瑞果； 鼠寓意多子，又是财神手中的吐宝神鼬，是财富的象征。江寒汀的这幅松鼠葡萄配色清新活泼，形态生动可爱，穿着于身心情愉悦~",20/1/2025 17:47:17,17/6/2025 22:17:59
30000060,妙霞蕊,往期欣赏――【妙霞蕊】画韵春秋 南意秋棠独家设计印花汉服布料,2020,Jul-20,仿真丝化纤纱,画韵春秋系列,单边定位裙料,"【妙霞蕊】
花纹元素：凌霄花藤，草石，猫
素材：居廉花卉四屏之一（凌霄）
草木不解行，随生自有理。观此引蔓柔，必凭高树起。
气类固未合，萦缠岂由己。仰见苍虬枝，上发彤霞蕊。
层霄不易凌，樵斧谁家子。一日摧作新，此物当共委。
居廉的凌霄花，极其清秀俊逸，明媚典雅。于翠石之后，凌空开放，并以数只草虫作为点睛。此画以没骨画法为主，并结合“撞水撞粉”技法，使得画面呈现出明暗参差，水色交融的效果，引人入胜，整幅画面营造出和谐的自然情趣。本店在此画基础上，扩展了一部分凌霄花藤，使其遍布整个裙幅，并增加了小猫在花藤之下嬉戏玩耍。底色纯白，凸显凌霄花之娇艳，仅在裙摆处渐变为草绿色，穿着于身仿佛置身草地之中。",20/1/2025 17:47:17,20/6/2025 10:00:04
30000061,清热莲藕羹,往期欣赏――【纳凉消夏特饮】画韵春秋 南意秋棠独家印花布料,2020,Jul-20,仿真丝化纤纱,画韵春秋系列,循环印花料,"花纹元素：莲藕，莲蓬，菱角，蟠桃
素材：清 洪范《花果十二开》
白藕片，玉莲子，红菱角，绿蟠桃，青瓷碗里铺冰盘，是江南夏日里绵延千年的一缕甜甜凉意。",20/1/2025 17:47:17,18/6/2025 06:41:46
30000062,桃桃枇杷露,往期欣赏――【纳凉消夏特饮】画韵春秋 南意秋棠独家印花布料,2020,Jul-20,仿真丝化纤纱,画韵春秋系列,循环印花料,"花纹元素：樱桃，蜜桃，枇杷
素材：清 洪范《花果十二开》
当季限定蜜桃枇杷，生津止渴化痰止咳，可以是蜜饯也可以是果茶，望之便有香气扑鼻而来。以香之名，入来桃源乡，寻一番梦中的枇杷树。",20/1/2025 17:47:17,18/6/2025 06:41:48
30000063,柑味石榴汁,往期欣赏――【纳凉消夏特饮】画韵春秋 南意秋棠独家印花布料,2020,Jul-20,仿真丝化纤纱,画韵春秋系列,循环印花料,"花纹元素：佛手，百合，石榴
素材：清 洪范《花果十二开》
前调佛手柑清新微带些许苦涩，中调石榴馥郁甜蜜，后调百合软糯淡雅，正是一杯花果对长夏的钟情。夏天是石榴汁染就的布匹，包裹着柑的清涩，共赴一场恬静的美梦。",20/1/2025 17:47:17,18/6/2025 06:41:50
30000064,多肉葡萄饮,往期欣赏――【纳凉消夏特饮】画韵春秋 南意秋棠独家印花布料,2020,Jul-20,仿真丝化纤纱,画韵春秋系列,循环印花料,"花纹元素：葡萄，茄子
素材：清 洪范《花果十二开》
一品茄香，一味葡萄清凉，是黑暗料理还是意外的清爽，不来一份吗亲？",20/1/2025 17:47:17,18/6/2025 06:41:52
30000065,双白去火汤,往期欣赏――【纳凉消夏特饮】画韵春秋 南意秋棠独家印花布料,2020,Jul-20,仿真丝化纤纱,画韵春秋系列,循环印花料,"花纹元素：白菜，萝卜，竹笋，芋头
素材：清 洪范《花果十二开》
家常一味萝卜白菜芋头汤，搭以灰绿底色。可以是“心安茅屋稳,性定菜根香。世事静方见,人情淡始长。”的清白传家岁月长；也可以是是萝卜“来福”白菜“百财”芋头“余头”，满满一碗甜香满吉祥。",20/1/2025 17:47:17,18/6/2025 06:43:07
30000066,耕云钓月,【耕云钓月】――执・念系列 南意秋棠独家印花汉服布料,2020,Jul-20,金线雪纺,执・念系列,循环印花料,"花纹元素：书法，竹叶
素材：赵孟\《北陇耕云》
“北陇耕云，南溪钓月，此是野人生计。山鸟能歌，江花解笑，无限乾坤生意。看画归来，挑簦间眺，风景又还光霁。笑人生，奔走如狂，万事不如沉醉；细看来，聚蚁功名，战蜗事业，毕竟又成何济。有分山林，无心钟鼎，誓与渔樵深契。石上酒醒，山间茶熟，别有水云风味。顺吾生、素位而行，造化任他儿戏。笔研举润，趁兴而书。”
《北陇耕云》为赵孟\行草之绝唱，笔力苍健丰神俊逸，句句读来潇洒大气，耕云钓月何等逸致，光风霁月谈笑人生，恣意洒脱，归于渔樵山野，山花竹林间才是向往的生活。怀柔百神，忘我半世颠倒。及河峤岳，唯愿余生谐行。本款作为【阿峤】的cp款而设计，底布的丝丝金线仿若穿过竹林的缕缕阳光，若隐若现。绢粉款温柔多情，殷红款邪魅狷狂，请问你爱哪一款？",20/1/2025 17:47:17,19/6/2025 05:15:45
30000067,东篱,往期欣赏――【东篱】画韵春秋系列 南意秋棠独家印花汉服布料,2020,Aug-20,金线雪纺,画韵春秋系列,循环印花料,"【东篱】（灰绿/深橘）
花纹元素：菊花，秋蟹
素材：居廉《菊花图》，陈书《花鸟册》
小橘枚枚菊未黄，蟹肥全不待些霜。
莫嫌草草相知少，犹是曾为吏部郎。
“秋风起,蟹脚痒。菊花开,闻蟹来。”夏日不长，秋风习习来，没有夏天的骄阳似火，亦没有冬天的凌冽入骨。哪里的秋日仿佛都是不太长的，秋色秋风秋景秋食尤为珍贵起来。肥美的蟹在秋天也就那么一点点的日子可吃，傲霜的菊倒是我花开后百花杀，冬梅之前的风景得她占尽了，零零总总上百的品种，形形色色各异的美丽，在秋天格外的打眼格外的有意趣。",20/1/2025 17:47:17,20/6/2025 10:00:17
30000068,国色,往期欣赏――【国色】画韵春秋 南意秋棠独家印花汉服布料,2020,Aug-20,金线雪纺,画韵春秋系列,循环印花料,"【国色】（乳白/雅黑）银丝乱麻版
花纹元素：牡丹
素材：居廉花卉四屏之二（牡丹）
斜掩朱门花外钟，晓莺时节好相逢。
窗间桃蕊宿妆在，雨后牡丹春睡浓。
牡丹是中国特产的名花，春末开花，花大而美。唐代高宗、武后时始从汾晋移植于京城，玄宗时犹视为珍品。时唐人赏牡丹盛况空前。真正的“唯有牡丹真国色，花开时节动京城。”国色天香成了当时对牡丹的定评，确实牡丹花品无数，所谓百般颜色百般香，倾国之色名副其实。",17/6/2025 12:40:27,17/6/2025 12:40:27
30000069,纹藻,往期欣赏――【纹藻】六色 长物志系列 南意秋棠独家印花汉服布料,2020,Sep-20,钻石雪纺,长物志系列,循环印花料,"【纹藻】（酪黄/深翡/豆沙紫/翠蓝）
花纹元素：金鱼水草纹样
素材：清光绪 香色鱼藻纹漳绒坎肩料
河岸坐垂钓，静观水中藻；
鱼虾隐其间，出水更觉妙。
本款为复原鱼藻纹样。水藻摇曳漂浮，金鱼自在巡游，请君一品濠上之乐。
（相比之前的银丝乱麻版，本款小鱼排布相对稍密，底布略薄，更适合春夏穿着。）",20/1/2025 17:47:17,18/6/2025 06:37:33
30000070,锦鳞,往期欣赏――【锦鳞】双色 长物志系列 南意秋棠独家印花汉服布料,2020,Nov-20,点点提花厚料,长物志系列,循环印花料,"【锦鳞】（黑色/奶黄）
花纹元素：清刺绣“年年有余”挽袖
文物挽袖在白色地上彩绣金鱼、戟、磬、书卷以及莲花、牡丹、玉兰等各式花卉，寓意“年年有余”，“吉庆富贵”等美好寓意。配色鲜艳，造型生动，十分喜庆。我们在文物基础上重新排版调色，并选择了黑色、浅黄两种底色印制，非常适合日常穿着。",20/1/2025 17:47:17,20/6/2025 10:00:27
30000071,凌波,往期欣赏――【凌波】画韵春秋 南意秋棠独家设计印花汉服布料,2021,Feb-21,云纹雪纺纱,画韵春秋系列,循环印花料,"【凌波】（琉璃/青瓷）
花纹元素：水仙，蝴蝶，山石，游鱼，卵石，朱砂竹子，书法
素材：于非《水双清图》《水仙蛱蝶图》《竹鸟图》，祝允明草书字帖《洛神赋》
翩若惊鸿，婉若游龙。荣曜秋菊，华茂春松。
兮若轻云之蔽月，飘u兮若流风之回雪。
远而望之，皎若太阳升朝霞；迫而察之，灼若芙蕖出渌波。
洛神赋上凌波仙，朱砂竹下灵芝秀。
本款裙料配色取自北宋琉璃瓶及青瓷凤尾尊，裙身上书《洛神赋》，水仙花与朱砂竹、灵芝根、游鱼、卵石相应成趣，一曲仙姝绘谱，搭配云纹纱质底布，行动处婷婷袅袅，时而艳丽时而清冽，步步皆在脚下，飘然若仙，颇有一番风韵。",20/1/2025 17:47:17,18/6/2025 06:36:34
30000072,蕊寒,往期欣赏――【蕊寒】渐变 长物志系列 南意秋棠独家印花汉服布料,2021,Feb-21,扬州纱,长物志系列,循环印花料,"【蕊寒】（蓝绿/黄粉/蓝紫渐变）
花纹元素：花卉，蝴蝶，窗棂纹样
素材：清 乾隆粉彩花蝶纹如意耳葫芦尊
雨前初见花间蕊，雨后兼无叶里花。
蛱蝶飞来过墙去，却疑春色在邻家。
寒冬来临，蜂蝶、小园、春色离我们过去了三个季节，在冬天期盼着春天，五彩缤纷的颜色过了冬就来了，为这春景我们备下了百花蛱蝶的布料，春风起时花季来约。",20/1/2025 17:47:17,18/6/2025 06:37:31
30000073,五毒,往期欣赏――【五毒】四色 长物志系列 南意秋棠独家印花汉服布料,2021,May-21,银线雪纺,长物志系列,循环印花料,"【五毒】（朱湛/芸黄/出岫/玉瓶）
花纹元素：五毒（蜈蚣、毒蛇、蝎子、壁虎、蟾蜍），龟甲纹
素材：传统五毒窗花纹样
端午临中夏,时清人复长。
仲夏登高，顺阳在上，五月初五正是端阳节，阳气达于中天，而地下则阴邪外露，五毒（蛇、蝎、蜈蚣、蜥蜴、蟾蜍）横行，瘴气乱作，故以纯阳之毒破阴辟邪，雄黄、艾草、菖蒲、苍术当用。",20/1/2025 17:47:17,18/6/2025 06:34:08
30000074,端阳,往期欣赏――【端阳】双色 画韵春秋 南意秋棠独家印花汉服布料,2021,May-21,钻石雪纺,画韵春秋系列,循环印花料,"【端阳】（暗紫/钢青）
花纹元素：五毒（蜈蚣、毒蛇、蝎子、壁虎、蟾蜍）,艾虎，瓜果
素材：清 端午挂轴《天中五毒献瑞图》
端午临中夏,时清人复长。
仲夏登高，顺阳在上，五月初五正是端阳节，阳气达于中天，而地下则阴邪外露，五毒（蛇、蝎、蜈蚣、蜥蜴、蟾蜍）横行，瘴气乱作，故以纯阳之毒破阴辟邪，雄黄、艾草、菖蒲、苍术当用。",20/1/2025 17:47:17,18/6/2025 06:35:33
30000075,松云,【松云】【梅影】――“此间知己”主题 执念系列 周子舒衍生 印花汉服布料,2021,Jul-21,竹梅提花雪纺绉缎,执・念系列,循环印花料,"【松云】
花纹元素：月色，云雾，古画佚名松枝图
空山新雨后，天气晚来秋。
明月松间照，清泉石上流。
青松之姿，明月之皎，清冷孤直一如周子舒其人，抛却庙堂荣华，换来三年光阴，只是想寻那一处空山，得一个世外的桃源，将自己最后的洁净淳朴葬在心中的乌托邦。",20/1/2025 17:47:17,18/6/2025 06:32:58
30000076,梅影,【松云】【梅影】――“此间知己”主题 执念系列 周子舒衍生 印花汉服布料,2021,Jul-21,竹梅提花雪纺绉缎,执・念系列,循环印花料,"【梅影】
花纹元素：古画写意梅花图，梅影
君自故乡来，应知故乡事。
来日绮窗前，寒梅著花未？
朋旧孩童、师门兄弟、旧园新树，曾经的四季山庄花团锦簇柳树成行，一庄子的热热闹闹，到底都成了故乡故土故人。周子舒今一人矣，宗族师门尽散，旧友亲朋都染成了一朵朵红梅，往何处寻去。",20/1/2025 17:47:17,18/6/2025 06:33:01
30000077,兰因,【栖霞】【兰因】――“此间知己”主题 执念系列 温客行衍生 印花汉服布料,2021,Jul-21,竹梅提花雪纺绉缎,执・念系列,循环印花料,"【兰因】
花纹元素：明 孙克弘《懈谷清芬图》，竹影
君子之道，或出或处，或默或语。
二人同心，其利断金。同心之言，其臭如兰。
托根空谷的温客行，如孤兰无人识，出得世来，种种前缘尽数还来。与阿絮的重逢，嚎啕欢笑皆是志同道合，相知相识尽是清芬兰语，起于兰因结为金兰，何其有幸。",20/1/2025 17:47:17,18/6/2025 06:33:02
30000078,栖霞,【栖霞】【兰因】――“此间知己”主题 执念系列 温客行衍生 印花汉服布料,2021,Jul-21,竹梅提花雪纺绉缎,执・念系列,循环印花料,"【栖霞】
花纹元素：陈树人红枫图，流水纹样
扁舟岸侧，枫叶荻花秋索索。
细想前欢，须著人间比梦间。
天伦之乐，父慈子孝皆如前尘旧梦，梦醒时分群鬼环绕，一片苍白零落，天真可爱的甄衍不在了。醒来秋风萧瑟，茕茕孑立在枫树下的是温客行。",20/1/2025 17:47:17,18/6/2025 06:33:23
30000079,菩提,往期欣赏――【菩提】“此间知己”主题 执念系列 温客行衍生 南意秋棠汉服,2021,Jul-21,银丝乱麻,执・念系列,循环印花料,"【菩提】
花纹元素：江寒汀葡萄图，水墨晕染底纹
菩提本无树，明镜亦非台。
佛性常清净，何处有尘埃。
温客行说地狱不空誓不成佛，却是一切有为法皆如梦幻泡影。人心鬼蜮欲望种种，他本人又何尝不是鬼蜮中鬼操弄人心，一念执着一念妄想，何时才能放下何时才能明心见性，自证菩提。",20/1/2025 17:47:17,18/6/2025 06:33:28
30000080,飞絮,往期欣赏――【飞絮】“此间知己”主题 执念系列 周子舒衍生 南意秋棠汉服,2021,Jul-21,银丝乱麻,执・念系列,循环印花料,"【飞絮】
花纹元素：清 董浩画二十四番花信风图之清明，水墨晕染底纹
楼外垂杨千万缕。
欲系青春，少住春还去。
犹自风前飘柳絮。随春且看归何处。
暮春行至江南，自比为絮，周子舒此时成了春末的周絮，抛开轰轰烈烈的红尘，仿若风中飘飞的柳絮，悠悠荡荡不知所往，经年种种都是云烟。把酒送春惆怅在，不若随春同归去。",20/1/2025 17:47:17,18/6/2025 06:33:31
30000081,一丛花令,往期欣赏――【一丛花令】长物志系列 南意秋棠独家印花汉服布料,2021,Sep-21,银丝乱麻,长物志系列,循环印花料,"【一丛花令】
花纹元素：缠枝蝴蝶花卉传统纹样
游人便作寻芳计，小桃杏、应已争先。",20/1/2025 17:47:17,18/6/2025 06:31:10
30000082,十样花,往期欣赏――【十样花】长物志系列 南意秋棠独家印花汉服布料,2021,Sep-21,银丝乱麻,长物志系列,循环印花料,"【十样花】（深蓝/暗橘）
花纹元素：蜜蜂梅花传统纹样
第一寒梅先吐。待得春来也，香消减，态凝伫。百花休谩妒。",20/1/2025 17:47:17,18/6/2025 06:31:14
30000083,沾衣,往期欣赏――【沾衣】旗袍定位料 南意秋棠独家印花布料,2022,Jun-22,银丝乱麻,其他,旗袍定位料,"【沾衣】
花纹元素：杏花枝，飞燕
素材：清 邹一桂《杏花双燕轴》
织出绛纱薄，裁来玉剪明。仙人制衣著，称体五铢轻。
杏花是中国春天永恒的主题之一，“沾衣欲湿杏花雨，吹面不寒杨柳风”。杏花清丽交融，飞燕轻盈穿梭，神韵逼真，笔法清丽，整体色艳而不失秀雅之气，一派春趣盎然，恰似杏雨沾衣，沁人心脾。",20/1/2025 17:47:17,8/6/2025 20:26:02
30000084,瑞宝,往期欣赏――【瑞宝】旗袍定位料 南意秋棠独家印花布料,2022,Jun-22,银丝乱麻,其他,旗袍定位料,"【瑞宝】
花纹元素：桃枝，桃子，桃花
素材：清 董诰《仙源瑞宝图》
丹灶初开火，仙桃正落花。童颜若可驻，何惜醉流霞。
桃花是中国人骨子里的浪漫，在我国民间文化和信仰里有极其重要的位置，是夸父追日的木杖，是新岁门前的桃符，是世外的仙源，是王母盛宴的瑞宝。《太清方》曰:“三月三日采桃花，酒浸服之，除百病，好颜色。”",20/1/2025 17:47:17,8/6/2025 20:25:41
30000085,香缘,往期欣赏――【香缘】旗袍定位料 南意秋棠独家印花布料,2022,Jun-22,银丝乱麻,其他,旗袍定位料,"【香缘】
花纹元素：佛手
素材：清 蒋廷锡《佛手写生图》
香橼无大小，十指总离离。绝似青莲举，初开玉手时。
芬须霜气满，味待露华滋。未共壶柑熟，人愁入掌迟。
佛手自古是福寿的象征，又兼香味清冷，形状别致，是古人案头闻香玩赏的雅物，也是清供图常见的主角。《红楼梦》里探春的秋爽斋中便用大盘乘着数十个佛手，而板儿和巧姐的一世姻缘，最早也就伏在了“佛手”“香橼”之上。《佛手写生图》出自《石渠宝笈》，色泽鲜艳，生态自然，玲珑可玩，又合皇家吉庆祥和的审美，恰似清香一段，缭绕衣襟。",20/1/2025 17:47:17,20/1/2025 17:47:17
30000086,色未浓2.0版,往期欣赏――【色未浓2.0版】画韵春秋 南意秋棠独家印花汉服布料,2022,Jun-22,银丝乱麻,画韵春秋系列,循环印花料,【色未浓2.0版】花纹元素：红芙蓉花，白芙蓉花露染芙蓉色未浓，正似美人初醉貌。芙蓉花期将至，国色又染仲夏，该是花影添上衣裳时节。原作笔法纤细且色彩层次极为微妙，富有情趣。此款布料底色为古画绢本色，淡淡花型照影其上，若画若诗，华丽亦能淡雅，为您的夏日添上一抹香。此款布料是2017年开店之初第一期作品的改版，初版【色未浓】当年深受顾客的喜爱，但由于厂家后期升级机器的颜色差异问题一直未能复刻，本次重新设计了排版、更换了底布，经过多次调色，终于印制出了较为满意的效果，也算完成了掌柜的一点执念。,20/1/2025 17:47:17,20/6/2025 10:04:12
30000087,次第春,往期欣赏――【次第春】 画韵春秋系列 南意秋棠独家印花汉服布料,2022,Jul-22,银丝乱麻/银线雪纺,画韵春秋系列,循环印花料,"【次第春】
花纹元素：紫藤花蔓，桃花小枝
素材：清 屈兆麟《花鸟图》
暖气闲催次第春,桃开杏续李芳芬。
江南春色的风骨，在桃花坞中，在文藤架下。如意馆司匠长屈兆麟所绘紫藤和桃花，清新i丽，柔和婉转，将溶溶春色尽赋予笔下。暖风送来春花无数，紫藤花语是深深的思念，桃花代表爱情的到来，春的是花朵总是离不开情感的表达，错错落落的开满了一年的首季，一季春难得，珍惜今年花，留住好心情。",20/1/2025 17:47:17,8/6/2025 20:39:46
30000088,如幻身,往期欣赏――【如幻身】 九域图志系列 南意秋棠独家印花汉服布料,2022,Jul-22,仿醋酸双面缎,九域图志系列,循环印花料,"【如幻身】
素材：江户时期牡丹清供画作，作者佚名
今日阶前红芍药，几花欲老几花新。
开时不解比色相，落后始知如幻身。
空门此去几多地？欲把残花问上人。
花篮清供中春花秋果共夏藕肥蟹，浮生四季，微景尽在其中。幻世春来梦，浮生水上沤，人生白驹过隙匆匆而去，人生苦短，岁月悠长，可是茫茫万世，却脆若浮烟。无需执着，留看瞬间的美好。",20/1/2025 17:47:17,20/1/2025 17:47:17
30000089,年年客,往期欣赏――【年年客】画韵春秋系列 南意秋棠独家印花汉服布料,2022,Jul-22,银线雪纺,画韵春秋系列,循环印花料,"【年年客】
花纹元素：迎春，樱花，蝴蝶底纹
素材：清 董诰《二十四番花信风图》
春花春月年年客，怜春又怕春离别。
只为晓风愁，催花扑玉钩。娟娟双蛱蝶，宛转飞花侧。花底一声歌，疼花花奈何。
《演繁露》卷一：“三月花开时，风名花信风。”董诰所绘节气花卉，笔触工整精微，设色淡雅秀逸，画面干净清新。一岁花开，年年如故。 迎春是花信风中立春第一候，先花后叶，金色灿烂，得那春天第一的阳光，真真是千花万事从此起。",20/1/2025 17:47:17,8/6/2025 20:42:26
30000090,梦幻景,往期欣赏――【梦幻景】 九域图志系列 南意秋棠独家印花汉服布料,2022,Jul-22,银线雪纺,九域图志系列,循环印花料,"【梦幻景】（黛绿/灰紫）
素材：江户时期牡丹清供画作，作者佚名
一切有为法，有如梦幻泡影，如梦亦如幻，如露亦如电，当作如是观。
醉眼看花华梦幻景，凛冬白梅并春夏牡丹赵粉魏紫，本不可同观之景，醉梦之间恍若同至，朦朦胧胧，若镜花水月，是幻还真。牡丹画轻盈飘逸，瓣瓣如生，仿佛凋零之前的最后一刹光滑，如梦如幻，引人入醉梦幻境。",20/1/2025 17:47:17,8/6/2025 20:40:56
30000091,玉茗,往期欣赏――【玉茗】画韵春秋 南意秋棠独家印花汉服旗袍布料,2022,Aug-22,仿醋酸双面缎,画韵春秋系列,循环印花料,"【玉茗】
花纹元素：白山茶花，水墨晕染底纹
素材：清 蔡含、金h合绘《春色先到十二红》
开到玉茗春好，依依袅袅，花底清风。半枝素衣雪态，满袖香清。
芳心初绽，正一般、怜我怜侬。翻作梦、今夕夜底，相思到底难平。
水绘园最重要的作品之一，仿元人笔意，追求古意和士气，简淡闲逸，遗貌求神，清幽雅致。很少有一件作品像它，铭记了水绘园双画史的风雅，见证了复社文人四十年的友谊与困顿挣扎，更隐约照见明末清初秦淮河畔曾经的繁华与苍凉。楼馆劫灰，美人尘土，历尽劫波，澹心犹存。",20/1/2025 17:47:17,17/6/2025 10:59:05
30000092,若榴,往期欣赏――【若榴】旗袍定位料 南意秋棠独家设计印花旗袍布料,2022,Aug-22,仿醋酸双面缎,其他,旗袍定位料,"【若榴】
花纹元素：石榴花枝
素材：清 邹一桂《榴花公鸡图》
深著红蓝染暑裳，琢成纹玳敌秋霜。
半含笑里清冰齿，忽绽吟边古锦囊。
雾e作房珠作骨，水精为醴玉为浆。
刘郎不为文园渴，何苦星槎远取将。
中秋必不可少的果品便是石榴，五月榴花红，八月结果来。青色底色丝丝凉意，压了火红的花朵，雅致有之，去其俗气，意外的相得益彰。",20/1/2025 17:47:17,20/1/2025 17:47:17
30000093,蟾宫,往期欣赏――【蟾宫】旗袍定位料 南意秋棠独家设计印花旗袍布料,2022,Aug-22,仿醋酸双面缎,其他,旗袍定位料,"【蟾宫】（鹅黄/墨绿）
花纹元素：桂花枝
素材：清 张莘《槿桂飘香》
薇垣簪笔待仙郎，初听云H醉锦堂。
无数彩霞骑凤下，月中先折一枝香。
中秋将至，又到一年桂花香，今年苦夏，暑气太盛，大约都要过了中秋才有点秋爽的趣味，秋来第一味便是桂子飘香，满城的香气给空气带来一丝清冽，秋天也就正正式式的来了，着一身桂花，也是应景。",20/1/2025 17:47:17,8/6/2025 20:26:34
30000094,辛夷旗袍版,往期欣赏――【辛夷】画韵春秋 南意秋棠独家印花汉服旗袍布料,2022,Nov-22,银丝乱麻,画韵春秋系列,旗袍定位料,"【辛夷】（葡灰/蓼蓝）银丝乱麻版
花纹元素：辛夷花枝
素材：明代沈周墨菜辛夷图卷
心吐毫，枝折管。细萼芳苞春日暖。
疑醮水，欲书空，写出韶光留著款。
藉斜晖，凝晓露，俨似荷风浮紫碗。
怜倚槛，笑含风，缘堤色与芙蓉乱。
初见这枝辛夷花，就被她吸引了，优雅且温柔，轻盈且灵动，恍若春风拂面，正合了春天、春风、春色之意象。",20/1/2025 17:47:17,17/6/2025 10:13:30
30000095,国色旗袍版,往期欣赏――【国色】画韵春秋 南意秋棠独家印花汉服旗袍布料,2022,Nov-22,金线雪纺,画韵春秋系列,旗袍定位料,"【国色】（乳白/雅黑）银丝乱麻版
花纹元素：牡丹
素材：居廉花卉四屏之二（牡丹）
斜掩朱门花外钟，晓莺时节好相逢。
窗间桃蕊宿妆在，雨后牡丹春睡浓。
牡丹是中国特产的名花，春末开花，花大而美。唐代高宗、武后时始从汾晋移植于京城，玄宗时犹视为珍品。时唐人赏牡丹盛况空前。真正的“唯有牡丹真国色，花开时节动京城。”国色天香成了当时对牡丹的定评，确实牡丹花品无数，所谓百般颜色百般香，倾国之色名副其实。",20/1/2025 17:47:17,18/6/2025 06:40:28
30000096,清渠儿旗袍版,往期欣赏――【清渠儿】旗袍定位料 南意秋棠独家设计印花旗袍布料,2022,Dec-22,仿醋酸双面缎,画韵春秋系列,旗袍定位料,"【清渠儿】
花纹元素：池水，水藻，小鱼，落花
素材：恽寿平《山水花卉神品册》临刘莱《琳池鱼藻》
半奁香雨簇春漪。没个渔舟系。径尺横拖鸭茵翠。
鲤花肥。
乙肠可有相思字。猜量不定，几番步涩，浑欲撒沉丝。??
秋意渐寒，秋水泠泠，群鱼戏藻。鱼儿清灵自由，藻类植物飘摇婉转，虽无一笔画水，却以鱼的灵动和水藻的轻盈将秋水特有的动势表现得恰到好处。底布自带柔和光泽，恰似一江秋水，粼粼波光，搭配各类花草题材上装，恰似临花照水，相得益彰。",20/1/2025 17:47:17,19/6/2025 05:34:15
30000097,寻香旗袍版,往期欣赏――【寻香】旗袍定位料 南意秋棠独家设计印花旗袍布料,2022,Dec-22,仿醋酸双面缎,画韵春秋系列,旗袍定位料,"【寻香】
花纹元素：兰草，蝴蝶，山石
素材：清代余W花鸟图册，清代马荃《花卉蝴蝶图》
手培兰蕙两三栽，日暖风微次第开。
坐久不知香在室，推窗时有蝶飞来。
细观余W所绘这丛兰草，叶脉及花瓣纹路都清晰可见，笔法工整细腻，造型栩栩如生；而女画家马荃所绘蝴蝶体态灵动，婀娜多姿，仔细观之颇有意趣。以湖水之蓝色作底，其上这二者动静结合，搭配纱质底布更显轻盈，仿佛行走与湖水岸边，兰草微摇、蝴蝶翩飞，自有一番风韵。",20/1/2025 17:47:17,20/6/2025 09:56:31
30000098,仙源,往期欣赏――【仙源】旗袍定位料 南意秋棠独家设计印花旗袍布料,2022,Dec-22,仿醋酸双面缎,其他,旗袍定位料,"【仙源】
花纹元素：桃园山水，云雾
素材：清 王E《桃花鱼艇图》
草荣识节和，木衰知风厉。虽无纪历志，四时自成岁。
怡然有余乐，于何劳智慧？奇踪隐五百，一朝敞神界。
淳薄既异源，旋复还幽蔽。借问游方士，焉测尘嚣外。愿言蹑清风，高举寻吾契。
闻世外有仙山，山在虚无缥缈间，其境不可得不可至不可看，当世之人疲乏，日日奔波往复，心向桃源不得，唯有心下平静坦荡一途，胸中便有净土桃源仙山。桃花鱼艇图成为一个具象出现的时候，心下欢喜，忙不迭将之制成衣裳，了一心愿。",20/1/2025 17:47:17,8/6/2025 20:27:32
30000099,叹春晴旗袍版,往期欣赏――【叹春晴】旗袍定位料 南意秋棠独家印花旗袍布料,2023,Jan-23,银丝乱麻,画韵春秋系列,旗袍定位料,"花纹元素：海棠花树，蜜蜂。
四海应无蜀海棠，一时开处一城香。晴来使府低临槛，雨后人家散出墙。",20/1/2025 17:47:17,18/6/2025 09:24:37
30000100,春色晚旗袍版,往期欣赏――【春色晚】临窗四梦 南意秋棠 独家印花汉服旗袍布料,2023,Jan-23,银丝乱麻,画韵春秋系列,旗袍定位料,"花纹元素：墨竹，石碑。
新年都未有芳华，二月初惊见草芽。白雪却嫌春色晚，故穿庭树作飞花。",20/1/2025 17:47:17,18/6/2025 09:24:38
30000101,春风裁旗袍版,往期欣赏――【春风裁】旗袍定位料 南意秋棠独家印花旗袍布料,2023,Jan-23,银丝乱麻,画韵春秋系列,旗袍定位料,"花纹元素：垂柳，涟漪。
碧玉妆成一树高，万条垂下绿丝绦。不知细叶谁裁出，二月春风似剪刀。",20/1/2025 17:47:17,18/6/2025 09:24:40
30000102,阳春蔓旗袍版,往期欣赏――【阳春蔓】旗袍定位料 南意秋棠独家印花旗袍布料,2023,Jan-23,银丝乱麻,画韵春秋系列,旗袍定位料,"花纹元素：紫藤花蔓。
紫藤挂云木，花蔓宜阳春。密叶隐歌鸟，香风留美人。",20/1/2025 17:47:17,18/6/2025 09:24:42
30000103,仙进奉,往期欣赏――【仙进奉】旗袍定位料 南意秋棠独家设计印花旗袍布,2023,Apr-23,仿醋酸双面缎,其他,旗袍定位料,"【仙进奉】（黑色/绢色/银灰）
花纹元素：荔枝
素材：宋徽宗赵佶《荔枝山鸟图》
甘露凝成一颗冰，露冰厚更芳馨。
夜凉将到星河下，拟共嫦娥斗月明。
初夏第一果便是荔枝，五月挂果，鲜美持续到八月，整个夏季果品第一味。荔枝原产地便是中国，是中国文化底蕴最为深厚的果品之一。古往今来不少文人墨客以荔枝入画入诗，根增加了荔枝的文雅之气。本次我们选用宋徽宗赵佶所作《荔枝山鸟图》，修复设计成裳，春末夏初带来丝丝馨甜与凉意。",20/1/2025 17:47:17,8/6/2025 20:32:28
30000104,蕉下梦,往期欣赏――【蕉下梦】旗袍定位料 南意秋棠独家设计印花旗袍布,2023,Apr-23,仿醋酸双面缎,其他,旗袍定位料,"【蕉下梦】
花纹元素：芭蕉叶，石榴花枝
素材：陈之佛《芭蕉雏鸡图》
窗前谁种芭蕉树，阴满中庭。
阴满中庭。叶叶心心，舒卷有馀清。
雨打芭蕉总是好入梦，春末夏初榴花红了芭蕉绿了，又是一年。窗外若有芭蕉树，便是夏日纳凉处，大片的蕉叶覆盖，总是在盛暑之际给人清凉之感，树影之下能得一场好梦。",20/1/2025 17:47:17,8/6/2025 20:32:41
30000105,花信,往期欣赏――【花信】画韵春秋系列南意秋棠独家印花汉服旗袍布料,2023,May-23,150D长丝斜纹,画韵春秋系列,旗袍定位料,"【花信】（雀蓝/雅黑/米白/荷绿/芋紫）
花纹元素：二十四种工笔花卉，五毒纹，落花流水纹，曲水落花纹
素材：清 董浩《二十四番花信风图》
二十四番花信风，又称二十四风。程大昌《演繁露》卷一：“三月花开时，风名花信风。”所谓花信风，就是某种花、某个方向的风，在某个时节应期而至，意即带来开花音讯的风候。花信风始于小寒，终于谷雨，涵盖了从隆冬到盛春的八个节气。每个节气十五天，一气分三候，每五天便有一种花绽蕾开放，共二十四候。
小寒：一候梅花 二候山茶 三候水仙
大寒：一候瑞香 二候兰花 三候山矾
立春：一候迎春 二候樱桃 三候望春
雨水：一候菜花 二候杏花 三候李花
惊蛰：一候桃花 二候棠梨 三候蔷薇
春分：一候海棠 二候梨花 三候木兰
清明：一候桐花 二候麦花 三候柳花
谷雨：一候牡丹 二候荼蘼 三候楝花
二十四种工笔花卉，搭配不同底纹与底色，呈现出不同的视觉和穿着效果。",20/1/2025 17:47:17,8/6/2025 20:44:53
30000106,留春雨,往期欣赏――【留春雨】旗袍定位料 南意秋棠独家印花旗袍布料,2023,Jul-23,银线雪纺,画韵春秋系列,旗袍定位料,"【留春雨】
花纹元素：梨花，翠鸟
雨打梨花深闭门，忘了青春，误了青春。
赏心乐事共谁论？花下销魂，月下销魂。
梨花逐春而去，只得点点春雨痕迹，引人无限惋惜。月光撒落梨花染得一丝丝绿色，凭吊那过往的春天。",20/1/2025 17:47:17,17/6/2025 05:43:36
30000107,数珠儿旗袍版,往期欣赏【数珠儿】（双色）旗袍定位料南意秋棠独家印花旗袍布料,2023,Jul-23,银丝乱麻/150D长丝斜纹,其他,旗袍定位料,"【数珠儿】（茄紫/玉绿）
花纹元素：松鼠，葡萄藤蔓
初似琉璃，终成码瑙。
攒攒簇簇圆圆小。
数珠相似恐人偷，马风吃了归蓬岛。
松鼠葡萄，是传统经典的吉祥纹饰。葡萄枝叶蔓延，果实累累，寓意子孙绵长、家庭兴旺，是人们心中的瑞果； 鼠寓意多子，又是财神手中的吐宝神鼬，是财富的象征。江寒汀的这幅松鼠葡萄配色清新活泼，形态生动可爱，穿着于身心情愉悦~",20/1/2025 17:47:17,17/6/2025 22:17:59
30000108,云华,往期欣赏――【云华】旗袍定位料 南意秋棠独家设计印花旗袍布料,2023,Jul-23,银丝乱麻/150D长丝斜纹,其他,旗袍定位料,"【云华】
花纹元素：白山茶花枝
犀甲凌寒碧叶重，玉杯擎处露华浓。
何当借寿长春酒，只恐茶仙未肯容。
古人对山茶花的描绘非常多，山茶仙姿玉容，入画入诗都是极其风雅之物，白色茶山花瓣似玉杯，晶莹通透，惹人喜爱。本次设计以宋画白色山茶为素材的旗袍定位布料做了渐变设计，白色山茶搭配叶片从新到茂的颜色过渡，更能凸显整个山茶花的秀丽情态。",20/1/2025 17:47:17,8/6/2025 20:46:41
30000109,绿卿,往期欣赏――【绿卿】旗袍定位料 南意秋棠独家设计印花旗袍布料,2023,Jul-23,银丝乱麻/150D长丝斜纹,其他,旗袍定位料,"【绿卿】
花纹元素：竹枝竹叶
亭前绿玉密成丛，凤宿枝头烟雨空。
箫管一声人未寝，满林明月浸清风。
竹的别称很多，本次设计的一丛竹主要表现其苍翠欲滴之态，正是暗合【绿卿】其名。画中竹丛与【云华】白山茶为同一画作，绿竹白茶花交相映衬，我们便将其设计为姐妹款旗袍定位布料。同样也做了黑色到墨绿色的渐变过渡，有晚间月光落下竹丛绿影之意。",20/1/2025 17:47:17,8/6/2025 20:46:52
30000110,芦橘,往期欣赏――【芦橘】旗袍定位料 南意秋棠独家设计印花旗袍布料,2023,Jul-23,银丝乱麻/150D长丝斜纹,其他,旗袍定位料,"【芦橘】
花纹元素：枇杷枝叶，枇杷果，山鸟
五月枇杷黄似橘，谁思荔枝同此时。
嘉名已著上林赋，却恨红梅未有诗。
荔枝我们已经设计过了，同时期的鲜果枇杷也有经典画作传世。枇杷又名“芦橘”，因果子形状似乐器琵琶而得名。枇杷液汁丰富味感清新，是梅雨时节应季的果子，但是也因梅雨，果子不易完满，古时很是难得，遂这短暂的季节佳果便成了画家文人们最爱的题材之一。梅雨时节天青烟雨色居多，我们突发灵感，将晴转青的天色做了渐变表现。",20/1/2025 17:47:17,8/6/2025 20:46:56
30000111,白果儿旗袍版,往期欣赏――【白果儿】旗袍定位料 南意秋棠独家设计印花旗袍布料,2023,Sep-23,仿醋酸双面缎,画韵春秋系列,旗袍定位料,"【白果儿】
花纹元素：银杏叶，白果
鸭脚半熟色犹青，纱囊驰寄江陵城。
城中朱门韩林宅，清风明月吹帘笙。
玉纤雪腕白相照，烂银破壳玻璃明。
古人常以鸭脚入诗，以类银杏叶。秋风渐起，半熟鸭脚翠意犹存，累累白果随风摇曳。翩翩落叶翻飞似蝶，以银杏叶之秋香绿为底，画秋叶秋果，实则写秋意秋风，观之腋下生风，凉意如水。",20/1/2025 17:47:17,19/6/2025 05:34:16
30000112,红叶儿旗袍版,往期欣赏――【红叶儿】旗袍定位料 南意秋棠独家设计印花旗袍布料,2023,Sep-23,仿醋酸双面缎,画韵春秋系列,旗袍定位料,"【红叶儿】
花纹元素：红叶，柿子
晓连星影出，晚带日光悬。
本因遗采掇，翻自保天年。 ?
柿子是一种传统吉祥的图饰，“柿”谐音“事”，常出现在“四世同堂”、“事事安顺”、“事事如意”等吉祥图案中。柿子金黄饱满，令人垂涎欲滴，仿佛能闻到秋果儿的甜香。以金柿之色为底，布料自带缎面光泽，仿若阳光洒满林间，饱满的果实衬于翻飞红叶之间，正是秋色灿烂之所在。",20/1/2025 17:47:17,19/6/2025 05:34:18
30000113,一枝秋,往期欣赏――【一枝秋】旗袍定位料南意秋棠独家设计印花旗袍布料,2023,Sep-23,仿醋酸双面缎,其他,旗袍定位料,"【一枝秋】（葡灰/青灰/珍珠白）
花纹元素：菊花，山石
弹琴酌酒喜堪俦，几案婷婷点缀幽。
隔座香分三径露，抛书人对一枝秋。
秋来弹琴饮酒，若有菊花作伴，更加幽静雅致，趣味十足。隔着案头都能闻到菊花那带有院中露水的香气，一枝秋菊傲世不群，值得细细玩赏。中秋佳节，中秋佳宴，不可少了这银杏果子、红柿子和院中菊花，海上生明月，天涯共此时。",20/1/2025 17:47:17,8/6/2025 20:49:42
30000114,酒狂,往期欣赏――【酒狂】太音补遗系列南意秋棠独家印花汉服旗袍布料,2023,Nov-23,加厚泡泡麻,太音补遗系列,旗袍定位料,"【酒狂】（黑色/米色）
花纹元素：古琴谱《酒狂》，竹枝竹叶
夜中不能寐，起坐弹鸣琴。薄帷鉴明月，清风吹我襟。
孤鸿号外野，翔鸟鸣北林。徘徊将何见，忧思独伤心。
《酒狂》古琴曲相传为三国时期竹林七贤之一阮籍所作。曲谱闻之乐酒忘忧、醉舞飞仙，浩歌天地洪荒间。散落其间的竹枝搭配深浅两种不同底色呈现出不同的意境，米色款有如白日竹林抚琴，墨色款仿佛夜晚竹影憧憧落于琴谱之上。",20/1/2025 17:47:17,8/6/2025 20:45:14
30000115,金玉满堂,往期欣赏――【金玉满堂】长物志 南意秋棠独家印花汉服旗袍布料,2023,Nov-23,加厚泡泡麻,长物志系列,旗袍定位料,"【金玉满堂】（朱红/豆黄/春蓝）
花纹元素：清刺绣“年年有余”挽袖，皮球花纹样
文物挽袖在白色地上彩绣金鱼、戟、磬、书卷以及莲花、牡丹、玉兰等各式花卉，寓意“年年有余”，“吉庆富贵”等美好寓意。配色鲜艳，造型生动，十分喜庆。我们在文物基础上重新排版调色，搭配上圆润可爱的皮球花底纹，寓意团团圆圆、阖家幸福，配色选取自敦煌洞窟壁画，大气饱满，传统经典。",20/1/2025 17:47:17,8/6/2025 20:45:41
30000116,凤麟,往期欣赏――【凤麟】旗袍定位料 南意秋棠独家设计印花旗袍布料,2024,Feb-24,银丝乱麻,其他,旗袍定位料,"【凤麟】
花纹元素：白凤、墨竹、彩霞
凤凰于飞，其羽，亦集爰止。
凤凰于飞，其羽，亦傅于天。
新年气象，凤凰高飞，直上晴空迎朝晖。新岁除秽去，吉祥随春来，新笋发修竹，凤凰栖息稳，端为此君留。",20/1/2025 17:47:17,8/6/2025 22:46:36
30000117,牡丹亭,往期欣赏――【牡丹亭】旗袍定位料 南意秋棠独家设计印花旗袍布,2024,Feb-24,银丝乱麻,其他,旗袍定位料,"【牡丹亭】（灰紫/蓼蓝）
花纹元素：牡丹、白梅、元曲唱词工尺谱
情不知所起，一往而深，生者可以死，死可以生。生而不可与死，死而不可复生者，皆非情之至也。梦中之情，何必非真，天下岂少梦中之人耶？
人若有梦，春色常驻。",20/1/2025 17:47:17,8/6/2025 23:26:27
30000118,雪中春信,往期欣赏――【雪中春信】旗袍定位料 南意秋棠独家印花旗袍布料,2024,Feb-24,银丝乱麻,其他,旗袍定位料,"【雪中春信】
花纹元素：墨梅，雪泥晕染
有梅无雪不精神，有雪无梅俗了人。
日暮诗成天又雪，与梅并作十分春。
春来第一信，当是寒梅香。只需寒梅一枝花俏，寒冰百丈，业已窥见春风消息，带来新生的希望。梅花，迎春风而来，随春雨而去，夜深踏雪寻香，心知春光春暖，亦不远矣。",20/1/2025 17:47:17,8/6/2025 22:46:43
30000119,龙图,往期欣赏――【龙图】旗袍定位料 南意秋棠独家设计印花旗袍布料,2024,Feb-24,银丝乱麻,其他,旗袍定位料,"【龙图】
花纹元素：传统龙纹工笔画、星图、星空渐变底纹
龙行踏绛气，天半语相闻。
混沌疑初判，洪荒若始分。
岁在甲辰龙年，甲为十天干之首，辰为中国传统图腾――龙，取传统龙纹元素合古代苏州石刻天文图、浑天一统图、星象全图以及丹元子步天歌图，用离火紫气之色，成飞龙在天之象，展现中华新年蓬勃的星云气象，新春之际，望风调雨顺、瑞气祥和。",20/1/2025 17:47:17,20/1/2025 17:47:17
30000120,天中佳卉,往期欣赏――【天中佳卉】旗袍定位料 南意秋棠独家设计印花布料,2024,May-24,银丝乱麻,其他,旗袍定位料,【天中佳卉】花纹元素：蜀葵，百合，萱花端午又称天中节，明清时期，民间有制作“端午景”的习惯。夜合花、茉莉花、栀子花、萱花、枇杷等在农历五月前后盛开或成熟的花卉及果物同样是“午瑞图”的描绘对象。原作为“冒氏两画史”蔡含、金h合绘。画萱花、百合、蜀葵盛开，有女性画家特有的柔美，敷色雅淡，清气可掬，A标格落落。,20/1/2025 17:47:17,9/6/2025 09:35:27
30000121,染清香,往期欣赏――【染清香】旗袍定位料 南意秋棠独家设计印花布料,2024,May-24,仿醋酸双面缎,其他,旗袍定位料,"【染清香】
花纹元素：腊梅，天竺，山茶
花占枝头日焙。金汞初抽，火鼎铅华退。还似瘢痕涂獭髓。胭脂淡抹微酣醉。
数朵折来春槛外。欲染清香，只许梅相对。不是临风珠蓓蕾。山童隔竹休敲碎。",20/1/2025 17:47:17,20/1/2025 17:47:17
30000122,溶溶月,往期欣赏――【溶溶月】旗袍定位料 南意秋棠独家设计印花布料,2024,May-24,仿醋酸双面缎,其他,旗袍定位料,"【溶溶月】
花纹元素：梨花枝，月亮，云雾
杨柳风斜。黄昏人静，睡稳栖鸦。短烛烧残，长更坐尽，小篆添些。
红楼不闭窗纱。被一缕，春痕暗遮。淡淡轻烟，溶溶院落，月在梨花。",20/1/2025 17:47:17,18/6/2025 06:25:43
30000123,娇蕊,往期欣赏――【娇蕊】旗袍定位料 南意秋棠独家设计印花旗袍布料,2024,Jul-24,仿醋酸双面缎,其他,旗袍定位料,"【娇蕊】
花纹元素：粉红月季花藤，冰晶底纹
蔷薇颜色，玫瑰态度，宝相精神。
休数岁时月季，仙家栏槛长春。
 人间事尽是奔波错过，花开有时，往往错过。月季却有她的好处，月月红四季开，名字也许由此而来，花的浪漫一直在那里，等着我们慢慢的来。黄色月季似月光如蜜蜡，温柔婉转，香味默默拢住一身，渗骨入髓；粉红月季又如云霞类胭脂，热烈却不艳俗，娇憨点点入怀，点破一点心头血。月光也好心头血也罢，各有各的高贵品格，需得细细品来。",20/1/2025 17:47:17,18/6/2025 06:21:38
30000124,梅香酌,往期欣赏――【梅香酌】旗袍定位料南意秋棠独家设计印花旗袍布料,2024,Jul-24,银丝乱麻,其他,旗袍定位料,"【梅香酌】
花纹元素：杨梅枝
江北荷花开，江南杨梅熟。
正好饮酒时，怀贤在心目。
仲夏五月是杨梅成熟的季节，自古原产地就在江南，是地道的江南美果，东方朔《 林邑记》云∶“邑有杨梅，其大如杯碗，青时极酸，熟则如蜜。用以酿酒，号为梅香酎，甚珍重之。”杨梅青时酸红时甜，可酿酒闻香。",20/1/2025 17:47:17,20/1/2025 17:47:17
30000125,烟鹂,往期欣赏――【烟鹂】旗袍定位料 南意秋棠独家设计印花旗袍布料,2024,Jul-24,仿醋酸双面缎,其他,旗袍定位料,"【烟鹂】
花纹元素：藤黄月季花藤，冰晶底纹
蔷薇颜色，玫瑰态度，宝相精神。
休数岁时月季，仙家栏槛长春。
 人间事尽是奔波错过，花开有时，往往错过。月季却有她的好处，月月红四季开，名字也许由此而来，花的浪漫一直在那里，等着我们慢慢的来。黄色月季似月光如蜜蜡，温柔婉转，香味默默拢住一身，渗骨入髓；粉红月季又如云霞类胭脂，热烈却不艳俗，娇憨点点入怀，点破一点心头血。月光也好心头血也罢，各有各的高贵品格，需得细细品来。",20/1/2025 17:47:17,18/6/2025 06:23:15
30000126,紫阳,往期欣赏――【紫阳】旗袍定位料 南意秋棠独家设计印花旗袍布料,2024,Jul-24,银丝乱麻,其他,旗袍定位料,"【紫阳】（嫩粉/浅紫/雀绿）
花纹元素：紫阳花，蝴蝶
何年植向仙上，早晚移栽到梵家。
虽在人间人不识，与君名作紫阳花。
夏至之花，一团团一簇簇一树树，草本绣球花以紫红为主，代表了仙意与高贵，为道家极致之色。时令中此花开尽，春已规圆，留一团和气与无尽夏，热烈的季节就此来到。",20/1/2025 17:47:17,18/6/2025 06:25:39
30000127,耕云钓月旗袍版,苎麻版【耕云钓月】――执念系列 南意秋棠独家印花汉服旗袍布料,2024,Jul-24,纯苎麻,执・念系列,旗袍定位料,"花纹元素：书法，竹叶
素材：赵孟\《北陇耕云》
“北陇耕云，南溪钓月，此是野人生计。山鸟能歌，江花解笑，无限乾坤生意。看画归来，挑簦间眺，风景又还光霁。笑人生，奔走如狂，万事不如沉醉；细看来，聚蚁功名，战蜗事业，毕竟又成何济。有分山林，无心钟鼎，誓与渔樵深契。石上酒醒，山间茶熟，别有水云风味。顺吾生、素位而行，造化任他儿戏。笔研举润，趁兴而书。”
《北陇耕云》为赵孟\行草之绝唱，笔力苍健丰神俊逸，句句读来潇洒大气，耕云钓月何等逸致，光风霁月谈笑人生，恣意洒脱，归于渔樵山野，山花竹林间才是向往的生活。怀柔百神，忘我半世颠倒。及河峤岳，唯愿余生谐行。本款作为【阿峤】的cp款而设计，底布的丝丝金线仿若穿过竹林的缕缕阳光，若隐若现。绢粉款温柔多情，殷红款邪魅狷狂，请问你爱哪一款？",20/1/2025 17:47:17,18/6/2025 06:43:10
30000128,松云旗袍版,苎麻版【松云】―― 执・念系列  南意秋棠独家印花汉服旗袍布料,2024,Jul-24,纯苎麻,执・念系列,旗袍定位料,"【松云】
花纹元素：月色，云雾，古画佚名松枝图
空山新雨后，天气晚来秋。
明月松间照，清泉石上流。
青松之姿，明月之皎，清冷孤直一如周子舒其人，抛却庙堂荣华，换来三年光阴，只是想寻那一处空山，得一个世外的桃源，将自己最后的洁净淳朴葬在心中的乌托邦。",20/1/2025 17:47:17,18/6/2025 06:32:58
30000129,绿锦池,往期欣赏――【绿锦池】旗袍定位料 南意秋棠独家设计印花布料,2024,Aug-24,厚乱纹麻,其他,旗袍定位料,"【绿锦池】
花纹元素：浮萍，田螺
菱透浮萍绿锦池，夏莺千啭弄蔷薇。
尽日无人看微雨，鸳鸯相对浴红衣。
夏日时节，阳光如织，池塘里，浮萍悠然自得地铺展开来，宛如一片片细腻的青绿色绸缎，轻轻覆盖在清澈或微澜的水面上，密集而不显拥挤，稀疏处则透出粼粼波光，它们的颜色，是夏日里最纯粹、最生机的青绿，既清新又充满活力，是大自然特意为这炎炎夏日调配的一抹清凉。",20/1/2025 17:47:17,18/6/2025 06:20:18
30000130,芙蓉浦,往期欣赏――【芙蓉浦】旗袍定位料 南意秋棠独家设计印花布料,2024,Aug-24,厚乱纹麻,其他,旗袍定位料,"【芙蓉浦】
花纹元素：荷花，荷叶，白鹭鸶
独来洲上看芙容，掩映寒波淡复浓。
近拟明霞当落照，忽惊仙子露芳容。
七月流火，八月未央。夏日正盛，荷花依旧绽放，古韵荷花，搭配乱纹麻底布，尽展绢本古画神采。站在池塘边，感受风荷轻动，仿佛能越过时空，感受到古人那份对自然之美的热爱与向往，心灵得到了前所未有的宁静与洗涤。",20/1/2025 17:47:17,18/6/2025 06:20:20
30000131,鹊踏枝旗袍版,往期欣赏――【鹊踏枝】旗袍定位料 南意秋棠独家设计印花布料,2024,Sep-24,厚乱纹麻,长物志系列,旗袍定位料,"【鹊踏枝】
花纹元素：漆笺花鸟纹饰
烦恼韶光能几许，肠断魂消，看却春还去。只喜墙头灵鹊语，不知青鸟全相误。
心若垂杨千万缕，水阔花飞，梦断巫山路。开眼新愁无问处，珠帘锦帐相思否？
漆笺是将漆平涂于绢上，再施以彩绘画。古代漆绘依附于瑟、奁、盘、屏风等器物上，以刻漆、堆漆、彩绘等技法制成。与漆绘于器物上的彩绘不同，亦有别于传统的绘画。此处选用五开，其技法多变，或以针刻出花瓣，或用墨笔勾勒叶脉，花瓣翻转、叶片向背及鸟羽层次均见晕染效果，匠心独运，生意盎然。",20/1/2025 17:47:17,18/6/2025 06:13:18
30000132,皎皎旗袍版,往期欣赏――【皎皎】旗袍定位料 南意秋棠独家设计印花布料,2024,Sep-24,厚乱纹麻,画韵春秋系列,旗袍定位料,"【皎皎】
花纹元素：玉兰花枝，窗棂纹样
自爱临风皎皎,笑溱洧、芍药纷遗。
藐姑射，肌肤凝雪，烟雨画楼西。
开齐，还也未，绵苞乍褪，鹤翅初披。
称水晶帘映，云母屏依。
文徵明玉兰图卷工写结合，设色雅丽，花枝蜿蜒翻覆，清俊疏朗。王铎有“神笔王铎”之称，擅长行草，笔法大气，劲健洒脱，淋漓痛快。书法居中，如轻纱障屏，花枝环绕，忽近忽远，偶见落英，似觉清香，如坐春风。",20/1/2025 17:47:17,18/6/2025 06:10:56
30000133,山中何事,往期欣赏――【山中何事】旗袍定位料 南意秋棠独家设计印花布料,2024,Sep-24,厚乱纹麻,其他,旗袍定位料,"【山中何事】
花纹元素：古画山水
兴亡千古繁华梦，诗眼倦天涯。孔林乔木，吴宫蔓草，楚庙寒鸦。
数间茅舍，藏书万卷，投老村家。山中何事？松花酿酒，春水煎茶。
画中山峦叠嶂，云雾缭绕，仿佛是天地间最温柔的一笔淡墨，溪水潺潺，细语着经年的故事，穿梭于青石之间，映照着两岸葱郁的林木与偶尔掠过水面的飞鸟影子，一派生机盎然，宁静致远。在这山水之间，时间也放慢了脚步，让人忘却都市的繁忙与喧嚣，沉浸在这份宁静与美好之中，享受那份难得的闲情逸致，体会自由生活的真谛。",20/1/2025 17:47:17,18/6/2025 06:10:46
30000134,芝兰,往期欣赏――【芝兰】旗袍定位料 南意秋棠独家设计印花布料,2024,Sep-24,厚乱纹麻,其他,旗袍定位料,"【芝兰】
花纹元素：兰花
芝兰生于深谷，不以无人而不芳；君子修道立德，不以困穷而改节。不以无人而不芳，不因清寒而萎琐；气若兰兮长不改，心若兰兮终不移。
兰花象征气质内敛、质朴、娴静、坚贞，被称为“花中君子”，既有遗世独立的淡泊情怀，又有飘逸幽香的灵动。静气如兰之片刻光阴，可抵万千纷繁尘梦，方觉生命本身所具有的美好宁静。六祖慧能于《坛经》中所言“何其自性，本自具足”一语，确乎真实不虚也。",20/1/2025 17:47:17,18/6/2025 06:11:16
30000135,红叶湖,往期欣赏――【红叶湖】旗袍定位料 南意秋棠独家设计印花布料,2025,Jan-25,厚乱纹麻,其他,旗袍定位料,"【红叶湖】

花纹元素：枫叶，水波涟漪纹

流水何太急，深宫尽日闲。
殷勤谢红叶，好去到人间。

枫叶，因其秋霜中凛然绚烂的颜色，自古就是文人笔下坚韧热烈的象征。而红叶题诗这一浪漫的典故，更将红叶与流水永远的连接在了一起，成为中国人对美好生活憧憬象征。本款设计，以风中枫叶飘落水面，泛起涟漪的瞬间为意向，带你穿越千年时光，拾取那一片奇妙缘分与绵长情思。",20/1/2025 17:47:17,9/6/2025 05:26:22
30000136,锁清秋,往期欣赏――【锁清秋】旗袍定位料 南意秋棠独家设计印花布料,2025,Jan-25,厚乱纹麻,其他,旗袍定位料,"【锁清秋】

花纹元素：梧桐，祥云，黄犬，奇石

无言独上西楼，月如钩。寂寞梧桐深院锁清秋。
剪不断，理还乱，是离愁。别是一般滋味在心头。

梧桐，在华夏文化中占据着独特的地位，它挺拔而清疏的韵味，一直是中国园林中不可以或缺的代表性植物之一。梧桐作为高洁的的象征，配以祥云卷绕，以一种凝重静美与轻盈灵动形成对比，偶有落叶，画尽秋风。缀以萌犬和奇石，点破寂寥，添一分稚趣暖心。",20/1/2025 17:47:17,9/6/2025 05:43:15
30000137,有才华,往期欣赏――【有才华】旗袍定位料 南意秋棠独家设计印花布料,2025,Jan-25,厚乱纹麻,其他,旗袍定位料,"【有才华】

花纹元素：油菜花丛，屋舍剪影，落花

荠麦东风绿，菜花斜日黄。
郊原好颜色，生色上衣裳。

徽州春天的印象，黛瓦粉墙全靠一片金黄灿烂、生机勃勃的油菜花点亮。绚烂与繁茂，预示着春天的到来与丰收，这份独特的活力，正宜春天与你相遇。愿新年，有才华，有财花，不负金色华年。",20/1/2025 17:47:17,10/6/2025 14:27:00
30000138,花蝶引,往期欣赏――【花蝶引】旗袍定位料 南意秋棠独家设计印花布料,2025,Apr-25,抓花仿醋酸缎,其他,旗袍定位料,"【花蝶引】（绢黄／墨蓝）

花纹元素：野花丛，百蝶

花蝶自飘舞，兰蕙生光辉。
方从列子御，更逐浮云归。

一纨织就庄周梦，百蝶翩跹入画来。彩蝶翩翩穿梭佳卉香草之间，形态各异，敷色丽，点染细致，枯笔调入白粉敷涂绘蝶翅鳞粉，更使蝶翼有隐隐光彩流动，别有""蝶粉轻沾飞絮雪""的细腻雅致。绢黄色如批一卷宣和蝶谱，墨蓝色如染一夜庄生旧忆，衣间蝶翼只待清风一缕，成就罗浮一梦。",20/1/2025 17:47:17,17/6/2025 21:07:25
30000139,雀儿喜,往期欣赏――【雀儿喜】旗袍定位料 南意秋棠独家设计印花布料,2025,Apr-25,抓花仿醋酸缎,其他,旗袍定位料,"【雀儿喜】

花纹元素：芸豆花蔓，小麻雀

绿蔓如藤不用栽，淡青花绕竹篱开。
披衣向晓还堪爱，忽见蜻蜓带露来。

以芸豆花枝入画，缀以小雀，藤蔓游走于经纬之间，以清浅阳光勾勒藤蔓舒柔漫卷之态，隐约光晕，铭记一刻溶溶春光。灰紫像檀灰氤氲，玉绿似青茶露色，皆取自宋瓷釉色中，晕染一抹活泼春色。",20/1/2025 17:47:17,17/6/2025 21:07:28
30000140,江南春,往期欣赏――【江南春】旗袍定位料 南意秋棠独家设计印花布料,2025,Apr-25,抓花仿醋酸缎,其他,旗袍定位料,"【江南春】

花纹元素：桃花，游鱼，柳枝，山水楼阁

池塘春暖水纹开，堤柳垂丝间野梅。
江上年年芳意早，蓬瀛春色逐潮来。

近以没骨画法描摹桃花，间以柳叶穿插点染春色，远景青山如画，长江似练，江岸楼阁错落有致，正如春日花下登高远眺，骋目抒怀。些许游鱼曳尾，恰如浮沉天地之间，别有一番野逸之气。青色作底取春水碧于天之意，满幅烟波只取一痕雾青，泠泠铺作如画江山底色。",20/1/2025 17:47:17,17/6/2025 21:07:32
